technology,parameter,year,value,unit,currency_year,financial_case,scenario,source,further description
biomass,discount rate,2020,0.0320752195121951,per unit,2018,Market,Advanced,"NREL, NREL ATB 2022",
biomass,discount rate,2020,0.0320752195121951,per unit,2018,Market,Conservative,"NREL, NREL ATB 2022",
biomass,discount rate,2020,0.0320752195121951,per unit,2018,Market,Moderate,"NREL, NREL ATB 2022",
biomass,discount rate,2020,0.0320752195121951,per unit,2018,R&D,Advanced,"NREL, NREL ATB 2022",
biomass,discount rate,2020,0.0320752195121951,per unit,2018,R&D,Conservative,"NREL, NREL ATB 2022",
biomass,discount rate,2020,0.0320752195121951,per unit,2018,R&D,Moderate,"NREL, NREL ATB 2022",
CCGT,discount rate,2020,0.0394356097560977,per unit,2018,Market,Advanced,"NREL, NREL ATB 2022",
CCGT,discount rate,2020,0.0394356097560977,per unit,2018,Market,Conservative,"NREL, NREL ATB 2022",
CCGT,discount rate,2020,0.0394356097560977,per unit,2018,Market,Moderate,"NREL, NREL ATB 2022",
CCGT,discount rate,2020,0.0394356097560977,per unit,2018,R&D,Advanced,"NREL, NREL ATB 2022",
CCGT,discount rate,2020,0.0394356097560977,per unit,2018,R&D,Conservative,"NREL, NREL ATB 2022",
CCGT,discount rate,2020,0.0394356097560977,per unit,2018,R&D,Moderate,"NREL, NREL ATB 2022",
NG 2-on-1 Combined Cycle (F-Frame),discount rate,2020,0.0394356097560977,per unit,2018,Market,Advanced,"NREL, NREL ATB 2022",
NG 2-on-1 Combined Cycle (F-Frame),discount rate,2020,0.0394356097560977,per unit,2018,Market,Conservative,"NREL, NREL ATB 2022",
NG 2-on-1 Combined Cycle (F-Frame),discount rate,2020,0.0394356097560977,per unit,2018,Market,Moderate,"NREL, NREL ATB 2022",
NG 2-on-1 Combined Cycle (F-Frame),discount rate,2020,0.0394356097560977,per unit,2018,R&D,Advanced,"NREL, NREL ATB 2022",
NG 2-on-1 Combined Cycle (F-Frame),discount rate,2020,0.0394356097560977,per unit,2018,R&D,Conservative,"NREL, NREL ATB 2022",
NG 2-on-1 Combined Cycle (F-Frame),discount rate,2020,0.0394356097560977,per unit,2018,R&D,Moderate,"NREL, NREL ATB 2022",
NG 2-on-1 Combined Cycle (F-Frame) 95% CCS,discount rate,2020,0.0394356097560977,per unit,2018,Market,Advanced,"NREL, NREL ATB 2022",
NG 2-on-1 Combined Cycle (F-Frame) 95% CCS,discount rate,2020,0.0394356097560977,per unit,2018,Market,Conservative,"NREL, NREL ATB 2022",
NG 2-on-1 Combined Cycle (F-Frame) 95% CCS,discount rate,2020,0.0394356097560977,per unit,2018,Market,Moderate,"NREL, NREL ATB 2022",
NG 2-on-1 Combined Cycle (F-Frame) 95% CCS,discount rate,2020,0.0394356097560977,per unit,2018,R&D,Advanced,"NREL, NREL ATB 2022",
NG 2-on-1 Combined Cycle (F-Frame) 95% CCS,discount rate,2020,0.0394356097560977,per unit,2018,R&D,Conservative,"NREL, NREL ATB 2022",
NG 2-on-1 Combined Cycle (F-Frame) 95% CCS,discount rate,2020,0.0394356097560977,per unit,2018,R&D,Moderate,"NREL, NREL ATB 2022",
NG 2-on-1 Combined Cycle (F-Frame) 97% CCS,discount rate,2020,0.0394356097560977,per unit,2018,Market,Advanced,"NREL, NREL ATB 2022",
NG 2-on-1 Combined Cycle (F-Frame) 97% CCS,discount rate,2020,0.0394356097560977,per unit,2018,Market,Conservative,"NREL, NREL ATB 2022",
NG 2-on-1 Combined Cycle (F-Frame) 97% CCS,discount rate,2020,0.0394356097560977,per unit,2018,Market,Moderate,"NREL, NREL ATB 2022",
NG 2-on-1 Combined Cycle (F-Frame) 97% CCS,discount rate,2020,0.0394356097560977,per unit,2018,R&D,Advanced,"NREL, NREL ATB 2022",
NG 2-on-1 Combined Cycle (F-Frame) 97% CCS,discount rate,2020,0.0394356097560977,per unit,2018,R&D,Conservative,"NREL, NREL ATB 2022",
NG 2-on-1 Combined Cycle (F-Frame) 97% CCS,discount rate,2020,0.0394356097560977,per unit,2018,R&D,Moderate,"NREL, NREL ATB 2022",
coal,discount rate,2020,0.0394356097560977,per unit,2018,Market,Advanced,"NREL, NREL ATB 2022",
coal,discount rate,2020,0.0394356097560977,per unit,2018,Market,Conservative,"NREL, NREL ATB 2022",
coal,discount rate,2020,0.0394356097560977,per unit,2018,Market,Moderate,"NREL, NREL ATB 2022",
coal,discount rate,2020,0.0394356097560977,per unit,2018,R&D,Advanced,"NREL, NREL ATB 2022",
coal,discount rate,2020,0.0394356097560977,per unit,2018,R&D,Conservative,"NREL, NREL ATB 2022",
coal,discount rate,2020,0.0394356097560977,per unit,2018,R&D,Moderate,"NREL, NREL ATB 2022",
Coal-95%-CCS,discount rate,2020,0.0394356097560977,per unit,2018,Market,Advanced,"NREL, NREL ATB 2022",
Coal-95%-CCS,discount rate,2020,0.0394356097560977,per unit,2018,Market,Conservative,"NREL, NREL ATB 2022",
Coal-95%-CCS,discount rate,2020,0.0394356097560977,per unit,2018,Market,Moderate,"NREL, NREL ATB 2022",
Coal-95%-CCS,discount rate,2020,0.0394356097560977,per unit,2018,R&D,Advanced,"NREL, NREL ATB 2022",
Coal-95%-CCS,discount rate,2020,0.0394356097560977,per unit,2018,R&D,Conservative,"NREL, NREL ATB 2022",
Coal-95%-CCS,discount rate,2020,0.0394356097560977,per unit,2018,R&D,Moderate,"NREL, NREL ATB 2022",
Coal-99%-CCS,discount rate,2020,0.0394356097560977,per unit,2018,Market,Advanced,"NREL, NREL ATB 2022",
Coal-99%-CCS,discount rate,2020,0.0394356097560977,per unit,2018,Market,Conservative,"NREL, NREL ATB 2022",
Coal-99%-CCS,discount rate,2020,0.0394356097560977,per unit,2018,Market,Moderate,"NREL, NREL ATB 2022",
Coal-99%-CCS,discount rate,2020,0.0394356097560977,per unit,2018,R&D,Advanced,"NREL, NREL ATB 2022",
Coal-99%-CCS,discount rate,2020,0.0394356097560977,per unit,2018,R&D,Conservative,"NREL, NREL ATB 2022",
Coal-99%-CCS,discount rate,2020,0.0394356097560977,per unit,2018,R&D,Moderate,"NREL, NREL ATB 2022",
Coal-IGCC,discount rate,2020,0.0394356097560977,per unit,2018,Market,Advanced,"NREL, NREL ATB 2022",
Coal-IGCC,discount rate,2020,0.0394356097560977,per unit,2018,Market,Conservative,"NREL, NREL ATB 2022",
Coal-IGCC,discount rate,2020,0.0394356097560977,per unit,2018,Market,Moderate,"NREL, NREL ATB 2022",
Coal-IGCC,discount rate,2020,0.0394356097560977,per unit,2018,R&D,Advanced,"NREL, NREL ATB 2022",
Coal-IGCC,discount rate,2020,0.0394356097560977,per unit,2018,R&D,Conservative,"NREL, NREL ATB 2022",
Coal-IGCC,discount rate,2020,0.0394356097560977,per unit,2018,R&D,Moderate,"NREL, NREL ATB 2022",
Coal-IGCC-90%-CCS,discount rate,2020,0.0394356097560977,per unit,2018,Market,Advanced,"NREL, NREL ATB 2022",
Coal-IGCC-90%-CCS,discount rate,2020,0.0394356097560977,per unit,2018,Market,Conservative,"NREL, NREL ATB 2022",
Coal-IGCC-90%-CCS,discount rate,2020,0.0394356097560977,per unit,2018,Market,Moderate,"NREL, NREL ATB 2022",
Coal-IGCC-90%-CCS,discount rate,2020,0.0394356097560977,per unit,2018,R&D,Advanced,"NREL, NREL ATB 2022",
Coal-IGCC-90%-CCS,discount rate,2020,0.0394356097560977,per unit,2018,R&D,Conservative,"NREL, NREL ATB 2022",
Coal-IGCC-90%-CCS,discount rate,2020,0.0394356097560977,per unit,2018,R&D,Moderate,"NREL, NREL ATB 2022",
csp-tower,discount rate,2020,0.0413177670333919,per unit,2018,Market,Advanced,"NREL, NREL ATB 2022",
csp-tower,discount rate,2020,0.0413177670333919,per unit,2018,Market,Conservative,"NREL, NREL ATB 2022",
csp-tower,discount rate,2020,0.0413177670333919,per unit,2018,Market,Moderate,"NREL, NREL ATB 2022",
csp-tower,discount rate,2020,0.0276326399999999,per unit,2018,R&D,Advanced,"NREL, NREL ATB 2022",
csp-tower,discount rate,2020,0.0276326399999999,per unit,2018,R&D,Conservative,"NREL, NREL ATB 2022",
csp-tower,discount rate,2020,0.0276326399999999,per unit,2018,R&D,Moderate,"NREL, NREL ATB 2022",
geothermal,discount rate,2020,0.0337858216596282,per unit,2018,Market,Advanced,"NREL, NREL ATB 2022",
geothermal,discount rate,2020,0.0337858216596282,per unit,2018,Market,Conservative,"NREL, NREL ATB 2022",
geothermal,discount rate,2020,0.0337858216596282,per unit,2018,Market,Moderate,"NREL, NREL ATB 2022",
geothermal,discount rate,2020,0.0226261931707318,per unit,2018,R&D,Advanced,"NREL, NREL ATB 2022",
geothermal,discount rate,2020,0.0226261931707318,per unit,2018,R&D,Conservative,"NREL, NREL ATB 2022",
geothermal,discount rate,2020,0.0226261931707318,per unit,2018,R&D,Moderate,"NREL, NREL ATB 2022",
hydro,discount rate,2020,0.0285731417527728,per unit,2018,Market,Advanced,"NREL, NREL ATB 2022",
hydro,discount rate,2020,0.0285731417527728,per unit,2018,Market,Conservative,"NREL, NREL ATB 2022",
hydro,discount rate,2020,0.0285731417527728,per unit,2018,Market,Moderate,"NREL, NREL ATB 2022",
hydro,discount rate,2020,0.0238606595121952,per unit,2018,R&D,Advanced,"NREL, NREL ATB 2022",
hydro,discount rate,2020,0.0238606595121952,per unit,2018,R&D,Conservative,"NREL, NREL ATB 2022",
hydro,discount rate,2020,0.0238606595121952,per unit,2018,R&D,Moderate,"NREL, NREL ATB 2022",
offwind,discount rate,2020,0.0402516292682928,per unit,2018,Market,Advanced,"NREL, NREL ATB 2022",
offwind,discount rate,2020,0.0402516292682928,per unit,2018,Market,Conservative,"NREL, NREL ATB 2022",
offwind,discount rate,2020,0.0402516292682928,per unit,2018,Market,Moderate,"NREL, NREL ATB 2022",
offwind,discount rate,2020,0.0261924292682929,per unit,2018,R&D,Advanced,"NREL, NREL ATB 2022",
offwind,discount rate,2020,0.0261924292682929,per unit,2018,R&D,Conservative,"NREL, NREL ATB 2022",
offwind,discount rate,2020,0.0261924292682929,per unit,2018,R&D,Moderate,"NREL, NREL ATB 2022",
onwind,discount rate,2020,0.0450951402114045,per unit,2018,Market,Advanced,"NREL, NREL ATB 2022",
onwind,discount rate,2020,0.0450951402114045,per unit,2018,Market,Conservative,"NREL, NREL ATB 2022",
onwind,discount rate,2020,0.0450951402114045,per unit,2018,Market,Moderate,"NREL, NREL ATB 2022",
onwind,discount rate,2020,0.0239428136585366,per unit,2018,R&D,Advanced,"NREL, NREL ATB 2022",
onwind,discount rate,2020,0.0239428136585366,per unit,2018,R&D,Conservative,"NREL, NREL ATB 2022",
onwind,discount rate,2020,0.0239428136585366,per unit,2018,R&D,Moderate,"NREL, NREL ATB 2022",
PHS,discount rate,2020,0.0285731417527728,per unit,2018,Market,Advanced,"NREL, NREL ATB 2022",
PHS,discount rate,2020,0.0285731417527728,per unit,2018,Market,Conservative,"NREL, NREL ATB 2022",
PHS,discount rate,2020,0.0285731417527728,per unit,2018,Market,Moderate,"NREL, NREL ATB 2022",
PHS,discount rate,2020,0.0238606595121952,per unit,2018,R&D,Advanced,"NREL, NREL ATB 2022",
PHS,discount rate,2020,0.0238606595121952,per unit,2018,R&D,Conservative,"NREL, NREL ATB 2022",
PHS,discount rate,2020,0.0238606595121952,per unit,2018,R&D,Moderate,"NREL, NREL ATB 2022",
ror,discount rate,2020,0.0285731417527728,per unit,2018,Market,Advanced,"NREL, NREL ATB 2022",
ror,discount rate,2020,0.0285731417527728,per unit,2018,Market,Conservative,"NREL, NREL ATB 2022",
ror,discount rate,2020,0.0285731417527728,per unit,2018,Market,Moderate,"NREL, NREL ATB 2022",
ror,discount rate,2020,0.0238606595121952,per unit,2018,R&D,Advanced,"NREL, NREL ATB 2022",
ror,discount rate,2020,0.0238606595121952,per unit,2018,R&D,Conservative,"NREL, NREL ATB 2022",
ror,discount rate,2020,0.0238606595121952,per unit,2018,R&D,Moderate,"NREL, NREL ATB 2022",
solar-rooftop,discount rate,2020,0.0309251654427276,per unit,2018,Market,Advanced,"NREL, NREL ATB 2022",
solar-rooftop,discount rate,2020,0.0309251654427276,per unit,2018,Market,Conservative,"NREL, NREL ATB 2022",
solar-rooftop,discount rate,2020,0.0309251654427276,per unit,2018,Market,Moderate,"NREL, NREL ATB 2022",
solar-rooftop,discount rate,2020,0.018352811707317,per unit,2018,R&D,Advanced,"NREL, NREL ATB 2022",
solar-rooftop,discount rate,2020,0.018352811707317,per unit,2018,R&D,Conservative,"NREL, NREL ATB 2022",
solar-rooftop,discount rate,2020,0.018352811707317,per unit,2018,R&D,Moderate,"NREL, NREL ATB 2022",
solar-utility,discount rate,2020,0.0270381159329737,per unit,2018,Market,Advanced,"NREL, NREL ATB 2022",
solar-utility,discount rate,2020,0.0270381159329737,per unit,2018,Market,Conservative,"NREL, NREL ATB 2022",
solar-utility,discount rate,2020,0.0270381159329737,per unit,2018,Market,Moderate,"NREL, NREL ATB 2022",
solar-utility,discount rate,2020,0.0170755512195122,per unit,2018,R&D,Advanced,"NREL, NREL ATB 2022",
solar-utility,discount rate,2020,0.0170755512195122,per unit,2018,R&D,Conservative,"NREL, NREL ATB 2022",
solar-utility,discount rate,2020,0.0170755512195122,per unit,2018,R&D,Moderate,"NREL, NREL ATB 2022",
nuclear,discount rate,2020,0.0320752195121951,per unit,2018,Market,Advanced,"NREL, NREL ATB 2022",
nuclear,discount rate,2020,0.0320752195121951,per unit,2018,Market,Conservative,"NREL, NREL ATB 2022",
nuclear,discount rate,2020,0.0320752195121951,per unit,2018,Market,Moderate,"NREL, NREL ATB 2022",
nuclear,discount rate,2020,0.0320752195121951,per unit,2018,R&D,Advanced,"NREL, NREL ATB 2022",
nuclear,discount rate,2020,0.0320752195121951,per unit,2018,R&D,Conservative,"NREL, NREL ATB 2022",
nuclear,discount rate,2020,0.0320752195121951,per unit,2018,R&D,Moderate,"NREL, NREL ATB 2022",
biomass,discount rate,2025,0.0535409772976367,per unit,2022,Market,Advanced,"NREL, NREL ATB 2024",
biomass,discount rate,2025,0.0535409772976367,per unit,2022,Market,Moderate,"NREL, NREL ATB 2024",
biomass,discount rate,2025,0.0535409772976367,per unit,2022,Market,Conservative,"NREL, NREL ATB 2024",
biomass,discount rate,2025,0.0471698161746512,per unit,2022,R&D,Advanced,"NREL, NREL ATB 2024",
biomass,discount rate,2025,0.0471698161746512,per unit,2022,R&D,Moderate,"NREL, NREL ATB 2024",
biomass,discount rate,2025,0.0471698161746512,per unit,2022,R&D,Conservative,"NREL, NREL ATB 2024",
biomass,discount rate,2030,0.0538314857296738,per unit,2022,Market,Advanced,"NREL, NREL ATB 2024",
biomass,discount rate,2030,0.0538314857296738,per unit,2022,Market,Moderate,"NREL, NREL ATB 2024",
biomass,discount rate,2030,0.0538314857296738,per unit,2022,Market,Conservative,"NREL, NREL ATB 2024",
biomass,discount rate,2030,0.0471698161746512,per unit,2022,R&D,Advanced,"NREL, NREL ATB 2024",
biomass,discount rate,2030,0.0471698161746512,per unit,2022,R&D,Moderate,"NREL, NREL ATB 2024",
biomass,discount rate,2030,0.0471698161746512,per unit,2022,R&D,Conservative,"NREL, NREL ATB 2024",
biomass,discount rate,2035,0.0540457018738165,per unit,2022,Market,Advanced,"NREL, NREL ATB 2024",
biomass,discount rate,2035,0.0540457018738165,per unit,2022,Market,Moderate,"NREL, NREL ATB 2024",
biomass,discount rate,2035,0.0540457018738165,per unit,2022,Market,Conservative,"NREL, NREL ATB 2024",
biomass,discount rate,2035,0.0471698161746512,per unit,2022,R&D,Advanced,"NREL, NREL ATB 2024",
biomass,discount rate,2035,0.0471698161746512,per unit,2022,R&D,Moderate,"NREL, NREL ATB 2024",
biomass,discount rate,2035,0.0471698161746512,per unit,2022,R&D,Conservative,"NREL, NREL ATB 2024",
biomass,discount rate,2040,0.0542800248204645,per unit,2022,Market,Advanced,"NREL, NREL ATB 2024",
biomass,discount rate,2040,0.0542800248204645,per unit,2022,Market,Moderate,"NREL, NREL ATB 2024",
biomass,discount rate,2040,0.0542800248204645,per unit,2022,Market,Conservative,"NREL, NREL ATB 2024",
biomass,discount rate,2040,0.0471698161746512,per unit,2022,R&D,Advanced,"NREL, NREL ATB 2024",
biomass,discount rate,2040,0.0471698161746512,per unit,2022,R&D,Moderate,"NREL, NREL ATB 2024",
biomass,discount rate,2040,0.0471698161746512,per unit,2022,R&D,Conservative,"NREL, NREL ATB 2024",
biomass,discount rate,2045,0.0545150857977472,per unit,2022,Market,Advanced,"NREL, NREL ATB 2024",
biomass,discount rate,2045,0.0545150857977472,per unit,2022,Market,Moderate,"NREL, NREL ATB 2024",
biomass,discount rate,2045,0.0545150857977472,per unit,2022,Market,Conservative,"NREL, NREL ATB 2024",
biomass,discount rate,2045,0.0471698161746512,per unit,2022,R&D,Advanced,"NREL, NREL ATB 2024",
biomass,discount rate,2045,0.0471698161746512,per unit,2022,R&D,Moderate,"NREL, NREL ATB 2024",
biomass,discount rate,2045,0.0471698161746512,per unit,2022,R&D,Conservative,"NREL, NREL ATB 2024",
biomass,discount rate,2050,0.0548163560987116,per unit,2022,Market,Advanced,"NREL, NREL ATB 2024",
biomass,discount rate,2050,0.0548163560987116,per unit,2022,Market,Moderate,"NREL, NREL ATB 2024",
biomass,discount rate,2050,0.0548163560987116,per unit,2022,Market,Conservative,"NREL, NREL ATB 2024",
biomass,discount rate,2050,0.0471698161746512,per unit,2022,R&D,Advanced,"NREL, NREL ATB 2024",
biomass,discount rate,2050,0.0471698161746512,per unit,2022,R&D,Moderate,"NREL, NREL ATB 2024",
biomass,discount rate,2050,0.0471698161746512,per unit,2022,R&D,Conservative,"NREL, NREL ATB 2024",
CCGT,discount rate,2025,0.0535847804878049,per unit,2022,Market,Advanced,"NREL, NREL ATB 2024",
CCGT,discount rate,2025,0.0535847804878049,per unit,2022,Market,Moderate,"NREL, NREL ATB 2024",
CCGT,discount rate,2025,0.0535847804878049,per unit,2022,Market,Conservative,"NREL, NREL ATB 2024",
CCGT,discount rate,2025,0.0535847804878049,per unit,2022,R&D,Advanced,"NREL, NREL ATB 2024",
CCGT,discount rate,2025,0.0535847804878049,per unit,2022,R&D,Moderate,"NREL, NREL ATB 2024",
CCGT,discount rate,2025,0.0535847804878049,per unit,2022,R&D,Conservative,"NREL, NREL ATB 2024",
CCGT,discount rate,2030,0.0535847804878049,per unit,2022,Market,Advanced,"NREL, NREL ATB 2024",
CCGT,discount rate,2030,0.0535847804878049,per unit,2022,Market,Moderate,"NREL, NREL ATB 2024",
CCGT,discount rate,2030,0.0535847804878049,per unit,2022,Market,Conservative,"NREL, NREL ATB 2024",
CCGT,discount rate,2030,0.0535847804878049,per unit,2022,R&D,Advanced,"NREL, NREL ATB 2024",
CCGT,discount rate,2030,0.0535847804878049,per unit,2022,R&D,Moderate,"NREL, NREL ATB 2024",
CCGT,discount rate,2030,0.0535847804878049,per unit,2022,R&D,Conservative,"NREL, NREL ATB 2024",
CCGT,discount rate,2035,0.0535847804878049,per unit,2022,Market,Advanced,"NREL, NREL ATB 2024",
CCGT,discount rate,2035,0.0535847804878049,per unit,2022,Market,Moderate,"NREL, NREL ATB 2024",
CCGT,discount rate,2035,0.0535847804878049,per unit,2022,Market,Conservative,"NREL, NREL ATB 2024",
CCGT,discount rate,2035,0.0535847804878049,per unit,2022,R&D,Advanced,"NREL, NREL ATB 2024",
CCGT,discount rate,2035,0.0535847804878049,per unit,2022,R&D,Moderate,"NREL, NREL ATB 2024",
CCGT,discount rate,2035,0.0535847804878049,per unit,2022,R&D,Conservative,"NREL, NREL ATB 2024",
CCGT,discount rate,2040,0.0535847804878049,per unit,2022,Market,Advanced,"NREL, NREL ATB 2024",
CCGT,discount rate,2040,0.0535847804878049,per unit,2022,Market,Moderate,"NREL, NREL ATB 2024",
CCGT,discount rate,2040,0.0535847804878049,per unit,2022,Market,Conservative,"NREL, NREL ATB 2024",
CCGT,discount rate,2040,0.0535847804878049,per unit,2022,R&D,Advanced,"NREL, NREL ATB 2024",
CCGT,discount rate,2040,0.0535847804878049,per unit,2022,R&D,Moderate,"NREL, NREL ATB 2024",
CCGT,discount rate,2040,0.0535847804878049,per unit,2022,R&D,Conservative,"NREL, NREL ATB 2024",
CCGT,discount rate,2045,0.0535847804878049,per unit,2022,Market,Advanced,"NREL, NREL ATB 2024",
CCGT,discount rate,2045,0.0535847804878049,per unit,2022,Market,Moderate,"NREL, NREL ATB 2024",
CCGT,discount rate,2045,0.0535847804878049,per unit,2022,Market,Conservative,"NREL, NREL ATB 2024",
CCGT,discount rate,2045,0.0535847804878049,per unit,2022,R&D,Advanced,"NREL, NREL ATB 2024",
CCGT,discount rate,2045,0.0535847804878049,per unit,2022,R&D,Moderate,"NREL, NREL ATB 2024",
CCGT,discount rate,2045,0.0535847804878049,per unit,2022,R&D,Conservative,"NREL, NREL ATB 2024",
CCGT,discount rate,2050,0.0535847804878049,per unit,2022,Market,Advanced,"NREL, NREL ATB 2024",
CCGT,discount rate,2050,0.0535847804878049,per unit,2022,Market,Moderate,"NREL, NREL ATB 2024",
CCGT,discount rate,2050,0.0535847804878049,per unit,2022,Market,Conservative,"NREL, NREL ATB 2024",
CCGT,discount rate,2050,0.0535847804878049,per unit,2022,R&D,Advanced,"NREL, NREL ATB 2024",
CCGT,discount rate,2050,0.0535847804878049,per unit,2022,R&D,Moderate,"NREL, NREL ATB 2024",
CCGT,discount rate,2050,0.0535847804878049,per unit,2022,R&D,Conservative,"NREL, NREL ATB 2024",
NG 2-on-1 Combined Cycle (F-Frame),discount rate,2025,0.0535847804878049,per unit,2022,Market,Advanced,"NREL, NREL ATB 2024",
NG 2-on-1 Combined Cycle (F-Frame),discount rate,2025,0.0535847804878049,per unit,2022,Market,Moderate,"NREL, NREL ATB 2024",
NG 2-on-1 Combined Cycle (F-Frame),discount rate,2025,0.0535847804878049,per unit,2022,Market,Conservative,"NREL, NREL ATB 2024",
NG 2-on-1 Combined Cycle (F-Frame),discount rate,2025,0.0535847804878049,per unit,2022,R&D,Advanced,"NREL, NREL ATB 2024",
NG 2-on-1 Combined Cycle (F-Frame),discount rate,2025,0.0535847804878049,per unit,2022,R&D,Moderate,"NREL, NREL ATB 2024",
NG 2-on-1 Combined Cycle (F-Frame),discount rate,2025,0.0535847804878049,per unit,2022,R&D,Conservative,"NREL, NREL ATB 2024",
NG 2-on-1 Combined Cycle (F-Frame),discount rate,2030,0.0535847804878049,per unit,2022,Market,Advanced,"NREL, NREL ATB 2024",
NG 2-on-1 Combined Cycle (F-Frame),discount rate,2030,0.0535847804878049,per unit,2022,Market,Moderate,"NREL, NREL ATB 2024",
NG 2-on-1 Combined Cycle (F-Frame),discount rate,2030,0.0535847804878049,per unit,2022,Market,Conservative,"NREL, NREL ATB 2024",
NG 2-on-1 Combined Cycle (F-Frame),discount rate,2030,0.0535847804878049,per unit,2022,R&D,Advanced,"NREL, NREL ATB 2024",
NG 2-on-1 Combined Cycle (F-Frame),discount rate,2030,0.0535847804878049,per unit,2022,R&D,Moderate,"NREL, NREL ATB 2024",
NG 2-on-1 Combined Cycle (F-Frame),discount rate,2030,0.0535847804878049,per unit,2022,R&D,Conservative,"NREL, NREL ATB 2024",
NG 2-on-1 Combined Cycle (F-Frame),discount rate,2035,0.0535847804878049,per unit,2022,Market,Advanced,"NREL, NREL ATB 2024",
NG 2-on-1 Combined Cycle (F-Frame),discount rate,2035,0.0535847804878049,per unit,2022,Market,Moderate,"NREL, NREL ATB 2024",
NG 2-on-1 Combined Cycle (F-Frame),discount rate,2035,0.0535847804878049,per unit,2022,Market,Conservative,"NREL, NREL ATB 2024",
NG 2-on-1 Combined Cycle (F-Frame),discount rate,2035,0.0535847804878049,per unit,2022,R&D,Advanced,"NREL, NREL ATB 2024",
NG 2-on-1 Combined Cycle (F-Frame),discount rate,2035,0.0535847804878049,per unit,2022,R&D,Moderate,"NREL, NREL ATB 2024",
NG 2-on-1 Combined Cycle (F-Frame),discount rate,2035,0.0535847804878049,per unit,2022,R&D,Conservative,"NREL, NREL ATB 2024",
NG 2-on-1 Combined Cycle (F-Frame),discount rate,2040,0.0535847804878049,per unit,2022,Market,Advanced,"NREL, NREL ATB 2024",
NG 2-on-1 Combined Cycle (F-Frame),discount rate,2040,0.0535847804878049,per unit,2022,Market,Moderate,"NREL, NREL ATB 2024",
NG 2-on-1 Combined Cycle (F-Frame),discount rate,2040,0.0535847804878049,per unit,2022,Market,Conservative,"NREL, NREL ATB 2024",
NG 2-on-1 Combined Cycle (F-Frame),discount rate,2040,0.0535847804878049,per unit,2022,R&D,Advanced,"NREL, NREL ATB 2024",
NG 2-on-1 Combined Cycle (F-Frame),discount rate,2040,0.0535847804878049,per unit,2022,R&D,Moderate,"NREL, NREL ATB 2024",
NG 2-on-1 Combined Cycle (F-Frame),discount rate,2040,0.0535847804878049,per unit,2022,R&D,Conservative,"NREL, NREL ATB 2024",
NG 2-on-1 Combined Cycle (F-Frame),discount rate,2045,0.0535847804878049,per unit,2022,Market,Advanced,"NREL, NREL ATB 2024",
NG 2-on-1 Combined Cycle (F-Frame),discount rate,2045,0.0535847804878049,per unit,2022,Market,Moderate,"NREL, NREL ATB 2024",
NG 2-on-1 Combined Cycle (F-Frame),discount rate,2045,0.0535847804878049,per unit,2022,Market,Conservative,"NREL, NREL ATB 2024",
NG 2-on-1 Combined Cycle (F-Frame),discount rate,2045,0.0535847804878049,per unit,2022,R&D,Advanced,"NREL, NREL ATB 2024",
NG 2-on-1 Combined Cycle (F-Frame),discount rate,2045,0.0535847804878049,per unit,2022,R&D,Moderate,"NREL, NREL ATB 2024",
NG 2-on-1 Combined Cycle (F-Frame),discount rate,2045,0.0535847804878049,per unit,2022,R&D,Conservative,"NREL, NREL ATB 2024",
NG 2-on-1 Combined Cycle (F-Frame),discount rate,2050,0.0535847804878049,per unit,2022,Market,Advanced,"NREL, NREL ATB 2024",
NG 2-on-1 Combined Cycle (F-Frame),discount rate,2050,0.0535847804878049,per unit,2022,Market,Moderate,"NREL, NREL ATB 2024",
NG 2-on-1 Combined Cycle (F-Frame),discount rate,2050,0.0535847804878049,per unit,2022,Market,Conservative,"NREL, NREL ATB 2024",
NG 2-on-1 Combined Cycle (F-Frame),discount rate,2050,0.0535847804878049,per unit,2022,R&D,Advanced,"NREL, NREL ATB 2024",
NG 2-on-1 Combined Cycle (F-Frame),discount rate,2050,0.0535847804878049,per unit,2022,R&D,Moderate,"NREL, NREL ATB 2024",
NG 2-on-1 Combined Cycle (F-Frame),discount rate,2050,0.0535847804878049,per unit,2022,R&D,Conservative,"NREL, NREL ATB 2024",
NG 2-on-1 Combined Cycle (F-Frame) 95% CCS,discount rate,2025,0.0535847804878049,per unit,2022,Market,Advanced,"NREL, NREL ATB 2024",
NG 2-on-1 Combined Cycle (F-Frame) 95% CCS,discount rate,2025,0.0535847804878049,per unit,2022,Market,Moderate,"NREL, NREL ATB 2024",
NG 2-on-1 Combined Cycle (F-Frame) 95% CCS,discount rate,2025,0.0535847804878049,per unit,2022,Market,Conservative,"NREL, NREL ATB 2024",
NG 2-on-1 Combined Cycle (F-Frame) 95% CCS,discount rate,2025,0.0535847804878049,per unit,2022,R&D,Advanced,"NREL, NREL ATB 2024",
NG 2-on-1 Combined Cycle (F-Frame) 95% CCS,discount rate,2025,0.0535847804878049,per unit,2022,R&D,Moderate,"NREL, NREL ATB 2024",
NG 2-on-1 Combined Cycle (F-Frame) 95% CCS,discount rate,2025,0.0535847804878049,per unit,2022,R&D,Conservative,"NREL, NREL ATB 2024",
NG 2-on-1 Combined Cycle (F-Frame) 95% CCS,discount rate,2030,0.0535847804878049,per unit,2022,Market,Advanced,"NREL, NREL ATB 2024",
NG 2-on-1 Combined Cycle (F-Frame) 95% CCS,discount rate,2030,0.0535847804878049,per unit,2022,Market,Moderate,"NREL, NREL ATB 2024",
NG 2-on-1 Combined Cycle (F-Frame) 95% CCS,discount rate,2030,0.0535847804878049,per unit,2022,Market,Conservative,"NREL, NREL ATB 2024",
NG 2-on-1 Combined Cycle (F-Frame) 95% CCS,discount rate,2030,0.0535847804878049,per unit,2022,R&D,Advanced,"NREL, NREL ATB 2024",
NG 2-on-1 Combined Cycle (F-Frame) 95% CCS,discount rate,2030,0.0535847804878049,per unit,2022,R&D,Moderate,"NREL, NREL ATB 2024",
NG 2-on-1 Combined Cycle (F-Frame) 95% CCS,discount rate,2030,0.0535847804878049,per unit,2022,R&D,Conservative,"NREL, NREL ATB 2024",
NG 2-on-1 Combined Cycle (F-Frame) 95% CCS,discount rate,2035,0.0535847804878049,per unit,2022,Market,Advanced,"NREL, NREL ATB 2024",
NG 2-on-1 Combined Cycle (F-Frame) 95% CCS,discount rate,2035,0.0535847804878049,per unit,2022,Market,Moderate,"NREL, NREL ATB 2024",
NG 2-on-1 Combined Cycle (F-Frame) 95% CCS,discount rate,2035,0.0535847804878049,per unit,2022,Market,Conservative,"NREL, NREL ATB 2024",
NG 2-on-1 Combined Cycle (F-Frame) 95% CCS,discount rate,2035,0.0535847804878049,per unit,2022,R&D,Advanced,"NREL, NREL ATB 2024",
NG 2-on-1 Combined Cycle (F-Frame) 95% CCS,discount rate,2035,0.0535847804878049,per unit,2022,R&D,Moderate,"NREL, NREL ATB 2024",
NG 2-on-1 Combined Cycle (F-Frame) 95% CCS,discount rate,2035,0.0535847804878049,per unit,2022,R&D,Conservative,"NREL, NREL ATB 2024",
NG 2-on-1 Combined Cycle (F-Frame) 95% CCS,discount rate,2040,0.0535847804878049,per unit,2022,Market,Advanced,"NREL, NREL ATB 2024",
NG 2-on-1 Combined Cycle (F-Frame) 95% CCS,discount rate,2040,0.0535847804878049,per unit,2022,Market,Moderate,"NREL, NREL ATB 2024",
NG 2-on-1 Combined Cycle (F-Frame) 95% CCS,discount rate,2040,0.0535847804878049,per unit,2022,Market,Conservative,"NREL, NREL ATB 2024",
NG 2-on-1 Combined Cycle (F-Frame) 95% CCS,discount rate,2040,0.0535847804878049,per unit,2022,R&D,Advanced,"NREL, NREL ATB 2024",
NG 2-on-1 Combined Cycle (F-Frame) 95% CCS,discount rate,2040,0.0535847804878049,per unit,2022,R&D,Moderate,"NREL, NREL ATB 2024",
NG 2-on-1 Combined Cycle (F-Frame) 95% CCS,discount rate,2040,0.0535847804878049,per unit,2022,R&D,Conservative,"NREL, NREL ATB 2024",
NG 2-on-1 Combined Cycle (F-Frame) 95% CCS,discount rate,2045,0.0535847804878049,per unit,2022,Market,Advanced,"NREL, NREL ATB 2024",
NG 2-on-1 Combined Cycle (F-Frame) 95% CCS,discount rate,2045,0.0535847804878049,per unit,2022,Market,Moderate,"NREL, NREL ATB 2024",
NG 2-on-1 Combined Cycle (F-Frame) 95% CCS,discount rate,2045,0.0535847804878049,per unit,2022,Market,Conservative,"NREL, NREL ATB 2024",
NG 2-on-1 Combined Cycle (F-Frame) 95% CCS,discount rate,2045,0.0535847804878049,per unit,2022,R&D,Advanced,"NREL, NREL ATB 2024",
NG 2-on-1 Combined Cycle (F-Frame) 95% CCS,discount rate,2045,0.0535847804878049,per unit,2022,R&D,Moderate,"NREL, NREL ATB 2024",
NG 2-on-1 Combined Cycle (F-Frame) 95% CCS,discount rate,2045,0.0535847804878049,per unit,2022,R&D,Conservative,"NREL, NREL ATB 2024",
NG 2-on-1 Combined Cycle (F-Frame) 95% CCS,discount rate,2050,0.0535847804878049,per unit,2022,Market,Advanced,"NREL, NREL ATB 2024",
NG 2-on-1 Combined Cycle (F-Frame) 95% CCS,discount rate,2050,0.0535847804878049,per unit,2022,Market,Moderate,"NREL, NREL ATB 2024",
NG 2-on-1 Combined Cycle (F-Frame) 95% CCS,discount rate,2050,0.0535847804878049,per unit,2022,Market,Conservative,"NREL, NREL ATB 2024",
NG 2-on-1 Combined Cycle (F-Frame) 95% CCS,discount rate,2050,0.0535847804878049,per unit,2022,R&D,Advanced,"NREL, NREL ATB 2024",
NG 2-on-1 Combined Cycle (F-Frame) 95% CCS,discount rate,2050,0.0535847804878049,per unit,2022,R&D,Moderate,"NREL, NREL ATB 2024",
NG 2-on-1 Combined Cycle (F-Frame) 95% CCS,discount rate,2050,0.0535847804878049,per unit,2022,R&D,Conservative,"NREL, NREL ATB 2024",
NG 2-on-1 Combined Cycle (F-Frame) 97% CCS,discount rate,2025,0.0535847804878049,per unit,2022,Market,Advanced,"NREL, NREL ATB 2024",
NG 2-on-1 Combined Cycle (F-Frame) 97% CCS,discount rate,2025,0.0535847804878049,per unit,2022,Market,Moderate,"NREL, NREL ATB 2024",
NG 2-on-1 Combined Cycle (F-Frame) 97% CCS,discount rate,2025,0.0535847804878049,per unit,2022,Market,Conservative,"NREL, NREL ATB 2024",
NG 2-on-1 Combined Cycle (F-Frame) 97% CCS,discount rate,2025,0.0535847804878049,per unit,2022,R&D,Advanced,"NREL, NREL ATB 2024",
NG 2-on-1 Combined Cycle (F-Frame) 97% CCS,discount rate,2025,0.0535847804878049,per unit,2022,R&D,Moderate,"NREL, NREL ATB 2024",
NG 2-on-1 Combined Cycle (F-Frame) 97% CCS,discount rate,2025,0.0535847804878049,per unit,2022,R&D,Conservative,"NREL, NREL ATB 2024",
NG 2-on-1 Combined Cycle (F-Frame) 97% CCS,discount rate,2030,0.0535847804878049,per unit,2022,Market,Advanced,"NREL, NREL ATB 2024",
NG 2-on-1 Combined Cycle (F-Frame) 97% CCS,discount rate,2030,0.0535847804878049,per unit,2022,Market,Moderate,"NREL, NREL ATB 2024",
NG 2-on-1 Combined Cycle (F-Frame) 97% CCS,discount rate,2030,0.0535847804878049,per unit,2022,Market,Conservative,"NREL, NREL ATB 2024",
NG 2-on-1 Combined Cycle (F-Frame) 97% CCS,discount rate,2030,0.0535847804878049,per unit,2022,R&D,Advanced,"NREL, NREL ATB 2024",
NG 2-on-1 Combined Cycle (F-Frame) 97% CCS,discount rate,2030,0.0535847804878049,per unit,2022,R&D,Moderate,"NREL, NREL ATB 2024",
NG 2-on-1 Combined Cycle (F-Frame) 97% CCS,discount rate,2030,0.0535847804878049,per unit,2022,R&D,Conservative,"NREL, NREL ATB 2024",
NG 2-on-1 Combined Cycle (F-Frame) 97% CCS,discount rate,2035,0.0535847804878049,per unit,2022,Market,Advanced,"NREL, NREL ATB 2024",
NG 2-on-1 Combined Cycle (F-Frame) 97% CCS,discount rate,2035,0.0535847804878049,per unit,2022,Market,Moderate,"NREL, NREL ATB 2024",
NG 2-on-1 Combined Cycle (F-Frame) 97% CCS,discount rate,2035,0.0535847804878049,per unit,2022,Market,Conservative,"NREL, NREL ATB 2024",
NG 2-on-1 Combined Cycle (F-Frame) 97% CCS,discount rate,2035,0.0535847804878049,per unit,2022,R&D,Advanced,"NREL, NREL ATB 2024",
NG 2-on-1 Combined Cycle (F-Frame) 97% CCS,discount rate,2035,0.0535847804878049,per unit,2022,R&D,Moderate,"NREL, NREL ATB 2024",
NG 2-on-1 Combined Cycle (F-Frame) 97% CCS,discount rate,2035,0.0535847804878049,per unit,2022,R&D,Conservative,"NREL, NREL ATB 2024",
NG 2-on-1 Combined Cycle (F-Frame) 97% CCS,discount rate,2040,0.0535847804878049,per unit,2022,Market,Advanced,"NREL, NREL ATB 2024",
NG 2-on-1 Combined Cycle (F-Frame) 97% CCS,discount rate,2040,0.0535847804878049,per unit,2022,Market,Moderate,"NREL, NREL ATB 2024",
NG 2-on-1 Combined Cycle (F-Frame) 97% CCS,discount rate,2040,0.0535847804878049,per unit,2022,Market,Conservative,"NREL, NREL ATB 2024",
NG 2-on-1 Combined Cycle (F-Frame) 97% CCS,discount rate,2040,0.0535847804878049,per unit,2022,R&D,Advanced,"NREL, NREL ATB 2024",
NG 2-on-1 Combined Cycle (F-Frame) 97% CCS,discount rate,2040,0.0535847804878049,per unit,2022,R&D,Moderate,"NREL, NREL ATB 2024",
NG 2-on-1 Combined Cycle (F-Frame) 97% CCS,discount rate,2040,0.0535847804878049,per unit,2022,R&D,Conservative,"NREL, NREL ATB 2024",
NG 2-on-1 Combined Cycle (F-Frame) 97% CCS,discount rate,2045,0.0535847804878049,per unit,2022,Market,Advanced,"NREL, NREL ATB 2024",
NG 2-on-1 Combined Cycle (F-Frame) 97% CCS,discount rate,2045,0.0535847804878049,per unit,2022,Market,Moderate,"NREL, NREL ATB 2024",
NG 2-on-1 Combined Cycle (F-Frame) 97% CCS,discount rate,2045,0.0535847804878049,per unit,2022,Market,Conservative,"NREL, NREL ATB 2024",
NG 2-on-1 Combined Cycle (F-Frame) 97% CCS,discount rate,2045,0.0535847804878049,per unit,2022,R&D,Advanced,"NREL, NREL ATB 2024",
NG 2-on-1 Combined Cycle (F-Frame) 97% CCS,discount rate,2045,0.0535847804878049,per unit,2022,R&D,Moderate,"NREL, NREL ATB 2024",
NG 2-on-1 Combined Cycle (F-Frame) 97% CCS,discount rate,2045,0.0535847804878049,per unit,2022,R&D,Conservative,"NREL, NREL ATB 2024",
NG 2-on-1 Combined Cycle (F-Frame) 97% CCS,discount rate,2050,0.0535847804878049,per unit,2022,Market,Advanced,"NREL, NREL ATB 2024",
NG 2-on-1 Combined Cycle (F-Frame) 97% CCS,discount rate,2050,0.0535847804878049,per unit,2022,Market,Moderate,"NREL, NREL ATB 2024",
NG 2-on-1 Combined Cycle (F-Frame) 97% CCS,discount rate,2050,0.0535847804878049,per unit,2022,Market,Conservative,"NREL, NREL ATB 2024",
NG 2-on-1 Combined Cycle (F-Frame) 97% CCS,discount rate,2050,0.0535847804878049,per unit,2022,R&D,Advanced,"NREL, NREL ATB 2024",
NG 2-on-1 Combined Cycle (F-Frame) 97% CCS,discount rate,2050,0.0535847804878049,per unit,2022,R&D,Moderate,"NREL, NREL ATB 2024",
NG 2-on-1 Combined Cycle (F-Frame) 97% CCS,discount rate,2050,0.0535847804878049,per unit,2022,R&D,Conservative,"NREL, NREL ATB 2024",
coal,discount rate,2025,0.0535847804878049,per unit,2022,Market,Advanced,"NREL, NREL ATB 2024",
coal,discount rate,2025,0.0535847804878049,per unit,2022,Market,Moderate,"NREL, NREL ATB 2024",
coal,discount rate,2025,0.0535847804878049,per unit,2022,Market,Conservative,"NREL, NREL ATB 2024",
coal,discount rate,2025,0.0535847804878049,per unit,2022,R&D,Advanced,"NREL, NREL ATB 2024",
coal,discount rate,2025,0.0535847804878049,per unit,2022,R&D,Moderate,"NREL, NREL ATB 2024",
coal,discount rate,2025,0.0535847804878049,per unit,2022,R&D,Conservative,"NREL, NREL ATB 2024",
coal,discount rate,2030,0.0535847804878049,per unit,2022,Market,Advanced,"NREL, NREL ATB 2024",
coal,discount rate,2030,0.0535847804878049,per unit,2022,Market,Moderate,"NREL, NREL ATB 2024",
coal,discount rate,2030,0.0535847804878049,per unit,2022,Market,Conservative,"NREL, NREL ATB 2024",
coal,discount rate,2030,0.0535847804878049,per unit,2022,R&D,Advanced,"NREL, NREL ATB 2024",
coal,discount rate,2030,0.0535847804878049,per unit,2022,R&D,Moderate,"NREL, NREL ATB 2024",
coal,discount rate,2030,0.0535847804878049,per unit,2022,R&D,Conservative,"NREL, NREL ATB 2024",
coal,discount rate,2035,0.0535847804878049,per unit,2022,Market,Advanced,"NREL, NREL ATB 2024",
coal,discount rate,2035,0.0535847804878049,per unit,2022,Market,Moderate,"NREL, NREL ATB 2024",
coal,discount rate,2035,0.0535847804878049,per unit,2022,Market,Conservative,"NREL, NREL ATB 2024",
coal,discount rate,2035,0.0535847804878049,per unit,2022,R&D,Advanced,"NREL, NREL ATB 2024",
coal,discount rate,2035,0.0535847804878049,per unit,2022,R&D,Moderate,"NREL, NREL ATB 2024",
coal,discount rate,2035,0.0535847804878049,per unit,2022,R&D,Conservative,"NREL, NREL ATB 2024",
coal,discount rate,2040,0.0535847804878049,per unit,2022,Market,Advanced,"NREL, NREL ATB 2024",
coal,discount rate,2040,0.0535847804878049,per unit,2022,Market,Moderate,"NREL, NREL ATB 2024",
coal,discount rate,2040,0.0535847804878049,per unit,2022,Market,Conservative,"NREL, NREL ATB 2024",
coal,discount rate,2040,0.0535847804878049,per unit,2022,R&D,Advanced,"NREL, NREL ATB 2024",
coal,discount rate,2040,0.0535847804878049,per unit,2022,R&D,Moderate,"NREL, NREL ATB 2024",
coal,discount rate,2040,0.0535847804878049,per unit,2022,R&D,Conservative,"NREL, NREL ATB 2024",
coal,discount rate,2045,0.0535847804878049,per unit,2022,Market,Advanced,"NREL, NREL ATB 2024",
coal,discount rate,2045,0.0535847804878049,per unit,2022,Market,Moderate,"NREL, NREL ATB 2024",
coal,discount rate,2045,0.0535847804878049,per unit,2022,Market,Conservative,"NREL, NREL ATB 2024",
coal,discount rate,2045,0.0535847804878049,per unit,2022,R&D,Advanced,"NREL, NREL ATB 2024",
coal,discount rate,2045,0.0535847804878049,per unit,2022,R&D,Moderate,"NREL, NREL ATB 2024",
coal,discount rate,2045,0.0535847804878049,per unit,2022,R&D,Conservative,"NREL, NREL ATB 2024",
coal,discount rate,2050,0.0535847804878049,per unit,2022,Market,Advanced,"NREL, NREL ATB 2024",
coal,discount rate,2050,0.0535847804878049,per unit,2022,Market,Moderate,"NREL, NREL ATB 2024",
coal,discount rate,2050,0.0535847804878049,per unit,2022,Market,Conservative,"NREL, NREL ATB 2024",
coal,discount rate,2050,0.0535847804878049,per unit,2022,R&D,Advanced,"NREL, NREL ATB 2024",
coal,discount rate,2050,0.0535847804878049,per unit,2022,R&D,Moderate,"NREL, NREL ATB 2024",
coal,discount rate,2050,0.0535847804878049,per unit,2022,R&D,Conservative,"NREL, NREL ATB 2024",
Coal-95%-CCS,discount rate,2025,0.0535847804878049,per unit,2022,Market,Advanced,"NREL, NREL ATB 2024",
Coal-95%-CCS,discount rate,2025,0.0535847804878049,per unit,2022,Market,Moderate,"NREL, NREL ATB 2024",
Coal-95%-CCS,discount rate,2025,0.0535847804878049,per unit,2022,Market,Conservative,"NREL, NREL ATB 2024",
Coal-95%-CCS,discount rate,2025,0.0535847804878049,per unit,2022,R&D,Advanced,"NREL, NREL ATB 2024",
Coal-95%-CCS,discount rate,2025,0.0535847804878049,per unit,2022,R&D,Moderate,"NREL, NREL ATB 2024",
Coal-95%-CCS,discount rate,2025,0.0535847804878049,per unit,2022,R&D,Conservative,"NREL, NREL ATB 2024",
Coal-95%-CCS,discount rate,2030,0.0535847804878049,per unit,2022,Market,Advanced,"NREL, NREL ATB 2024",
Coal-95%-CCS,discount rate,2030,0.0535847804878049,per unit,2022,Market,Moderate,"NREL, NREL ATB 2024",
Coal-95%-CCS,discount rate,2030,0.0535847804878049,per unit,2022,Market,Conservative,"NREL, NREL ATB 2024",
Coal-95%-CCS,discount rate,2030,0.0535847804878049,per unit,2022,R&D,Advanced,"NREL, NREL ATB 2024",
Coal-95%-CCS,discount rate,2030,0.0535847804878049,per unit,2022,R&D,Moderate,"NREL, NREL ATB 2024",
Coal-95%-CCS,discount rate,2030,0.0535847804878049,per unit,2022,R&D,Conservative,"NREL, NREL ATB 2024",
Coal-95%-CCS,discount rate,2035,0.0535847804878049,per unit,2022,Market,Advanced,"NREL, NREL ATB 2024",
Coal-95%-CCS,discount rate,2035,0.0535847804878049,per unit,2022,Market,Moderate,"NREL, NREL ATB 2024",
Coal-95%-CCS,discount rate,2035,0.0535847804878049,per unit,2022,Market,Conservative,"NREL, NREL ATB 2024",
Coal-95%-CCS,discount rate,2035,0.0535847804878049,per unit,2022,R&D,Advanced,"NREL, NREL ATB 2024",
Coal-95%-CCS,discount rate,2035,0.0535847804878049,per unit,2022,R&D,Moderate,"NREL, NREL ATB 2024",
Coal-95%-CCS,discount rate,2035,0.0535847804878049,per unit,2022,R&D,Conservative,"NREL, NREL ATB 2024",
Coal-95%-CCS,discount rate,2040,0.0535847804878049,per unit,2022,Market,Advanced,"NREL, NREL ATB 2024",
Coal-95%-CCS,discount rate,2040,0.0535847804878049,per unit,2022,Market,Moderate,"NREL, NREL ATB 2024",
Coal-95%-CCS,discount rate,2040,0.0535847804878049,per unit,2022,Market,Conservative,"NREL, NREL ATB 2024",
Coal-95%-CCS,discount rate,2040,0.0535847804878049,per unit,2022,R&D,Advanced,"NREL, NREL ATB 2024",
Coal-95%-CCS,discount rate,2040,0.0535847804878049,per unit,2022,R&D,Moderate,"NREL, NREL ATB 2024",
Coal-95%-CCS,discount rate,2040,0.0535847804878049,per unit,2022,R&D,Conservative,"NREL, NREL ATB 2024",
Coal-95%-CCS,discount rate,2045,0.0535847804878049,per unit,2022,Market,Advanced,"NREL, NREL ATB 2024",
Coal-95%-CCS,discount rate,2045,0.0535847804878049,per unit,2022,Market,Moderate,"NREL, NREL ATB 2024",
Coal-95%-CCS,discount rate,2045,0.0535847804878049,per unit,2022,Market,Conservative,"NREL, NREL ATB 2024",
Coal-95%-CCS,discount rate,2045,0.0535847804878049,per unit,2022,R&D,Advanced,"NREL, NREL ATB 2024",
Coal-95%-CCS,discount rate,2045,0.0535847804878049,per unit,2022,R&D,Moderate,"NREL, NREL ATB 2024",
Coal-95%-CCS,discount rate,2045,0.0535847804878049,per unit,2022,R&D,Conservative,"NREL, NREL ATB 2024",
Coal-95%-CCS,discount rate,2050,0.0535847804878049,per unit,2022,Market,Advanced,"NREL, NREL ATB 2024",
Coal-95%-CCS,discount rate,2050,0.0535847804878049,per unit,2022,Market,Moderate,"NREL, NREL ATB 2024",
Coal-95%-CCS,discount rate,2050,0.0535847804878049,per unit,2022,Market,Conservative,"NREL, NREL ATB 2024",
Coal-95%-CCS,discount rate,2050,0.0535847804878049,per unit,2022,R&D,Advanced,"NREL, NREL ATB 2024",
Coal-95%-CCS,discount rate,2050,0.0535847804878049,per unit,2022,R&D,Moderate,"NREL, NREL ATB 2024",
Coal-95%-CCS,discount rate,2050,0.0535847804878049,per unit,2022,R&D,Conservative,"NREL, NREL ATB 2024",
Coal-99%-CCS,discount rate,2025,0.0535847804878049,per unit,2022,Market,Advanced,"NREL, NREL ATB 2024",
Coal-99%-CCS,discount rate,2025,0.0535847804878049,per unit,2022,Market,Moderate,"NREL, NREL ATB 2024",
Coal-99%-CCS,discount rate,2025,0.0535847804878049,per unit,2022,Market,Conservative,"NREL, NREL ATB 2024",
Coal-99%-CCS,discount rate,2025,0.0535847804878049,per unit,2022,R&D,Advanced,"NREL, NREL ATB 2024",
Coal-99%-CCS,discount rate,2025,0.0535847804878049,per unit,2022,R&D,Moderate,"NREL, NREL ATB 2024",
Coal-99%-CCS,discount rate,2025,0.0535847804878049,per unit,2022,R&D,Conservative,"NREL, NREL ATB 2024",
Coal-99%-CCS,discount rate,2030,0.0535847804878049,per unit,2022,Market,Advanced,"NREL, NREL ATB 2024",
Coal-99%-CCS,discount rate,2030,0.0535847804878049,per unit,2022,Market,Moderate,"NREL, NREL ATB 2024",
Coal-99%-CCS,discount rate,2030,0.0535847804878049,per unit,2022,Market,Conservative,"NREL, NREL ATB 2024",
Coal-99%-CCS,discount rate,2030,0.0535847804878049,per unit,2022,R&D,Advanced,"NREL, NREL ATB 2024",
Coal-99%-CCS,discount rate,2030,0.0535847804878049,per unit,2022,R&D,Moderate,"NREL, NREL ATB 2024",
Coal-99%-CCS,discount rate,2030,0.0535847804878049,per unit,2022,R&D,Conservative,"NREL, NREL ATB 2024",
Coal-99%-CCS,discount rate,2035,0.0535847804878049,per unit,2022,Market,Advanced,"NREL, NREL ATB 2024",
Coal-99%-CCS,discount rate,2035,0.0535847804878049,per unit,2022,Market,Moderate,"NREL, NREL ATB 2024",
Coal-99%-CCS,discount rate,2035,0.0535847804878049,per unit,2022,Market,Conservative,"NREL, NREL ATB 2024",
Coal-99%-CCS,discount rate,2035,0.0535847804878049,per unit,2022,R&D,Advanced,"NREL, NREL ATB 2024",
Coal-99%-CCS,discount rate,2035,0.0535847804878049,per unit,2022,R&D,Moderate,"NREL, NREL ATB 2024",
Coal-99%-CCS,discount rate,2035,0.0535847804878049,per unit,2022,R&D,Conservative,"NREL, NREL ATB 2024",
Coal-99%-CCS,discount rate,2040,0.0535847804878049,per unit,2022,Market,Advanced,"NREL, NREL ATB 2024",
Coal-99%-CCS,discount rate,2040,0.0535847804878049,per unit,2022,Market,Moderate,"NREL, NREL ATB 2024",
Coal-99%-CCS,discount rate,2040,0.0535847804878049,per unit,2022,Market,Conservative,"NREL, NREL ATB 2024",
Coal-99%-CCS,discount rate,2040,0.0535847804878049,per unit,2022,R&D,Advanced,"NREL, NREL ATB 2024",
Coal-99%-CCS,discount rate,2040,0.0535847804878049,per unit,2022,R&D,Moderate,"NREL, NREL ATB 2024",
Coal-99%-CCS,discount rate,2040,0.0535847804878049,per unit,2022,R&D,Conservative,"NREL, NREL ATB 2024",
Coal-99%-CCS,discount rate,2045,0.0535847804878049,per unit,2022,Market,Advanced,"NREL, NREL ATB 2024",
Coal-99%-CCS,discount rate,2045,0.0535847804878049,per unit,2022,Market,Moderate,"NREL, NREL ATB 2024",
Coal-99%-CCS,discount rate,2045,0.0535847804878049,per unit,2022,Market,Conservative,"NREL, NREL ATB 2024",
Coal-99%-CCS,discount rate,2045,0.0535847804878049,per unit,2022,R&D,Advanced,"NREL, NREL ATB 2024",
Coal-99%-CCS,discount rate,2045,0.0535847804878049,per unit,2022,R&D,Moderate,"NREL, NREL ATB 2024",
Coal-99%-CCS,discount rate,2045,0.0535847804878049,per unit,2022,R&D,Conservative,"NREL, NREL ATB 2024",
Coal-99%-CCS,discount rate,2050,0.0535847804878049,per unit,2022,Market,Advanced,"NREL, NREL ATB 2024",
Coal-99%-CCS,discount rate,2050,0.0535847804878049,per unit,2022,Market,Moderate,"NREL, NREL ATB 2024",
Coal-99%-CCS,discount rate,2050,0.0535847804878049,per unit,2022,Market,Conservative,"NREL, NREL ATB 2024",
Coal-99%-CCS,discount rate,2050,0.0535847804878049,per unit,2022,R&D,Advanced,"NREL, NREL ATB 2024",
Coal-99%-CCS,discount rate,2050,0.0535847804878049,per unit,2022,R&D,Moderate,"NREL, NREL ATB 2024",
Coal-99%-CCS,discount rate,2050,0.0535847804878049,per unit,2022,R&D,Conservative,"NREL, NREL ATB 2024",
Coal-IGCC,discount rate,2025,0.0535847804878049,per unit,2022,Market,Advanced,"NREL, NREL ATB 2024",
Coal-IGCC,discount rate,2025,0.0535847804878049,per unit,2022,Market,Moderate,"NREL, NREL ATB 2024",
Coal-IGCC,discount rate,2025,0.0535847804878049,per unit,2022,Market,Conservative,"NREL, NREL ATB 2024",
Coal-IGCC,discount rate,2025,0.0535847804878049,per unit,2022,R&D,Advanced,"NREL, NREL ATB 2024",
Coal-IGCC,discount rate,2025,0.0535847804878049,per unit,2022,R&D,Moderate,"NREL, NREL ATB 2024",
Coal-IGCC,discount rate,2025,0.0535847804878049,per unit,2022,R&D,Conservative,"NREL, NREL ATB 2024",
Coal-IGCC,discount rate,2030,0.0535847804878049,per unit,2022,Market,Advanced,"NREL, NREL ATB 2024",
Coal-IGCC,discount rate,2030,0.0535847804878049,per unit,2022,Market,Moderate,"NREL, NREL ATB 2024",
Coal-IGCC,discount rate,2030,0.0535847804878049,per unit,2022,Market,Conservative,"NREL, NREL ATB 2024",
Coal-IGCC,discount rate,2030,0.0535847804878049,per unit,2022,R&D,Advanced,"NREL, NREL ATB 2024",
Coal-IGCC,discount rate,2030,0.0535847804878049,per unit,2022,R&D,Moderate,"NREL, NREL ATB 2024",
Coal-IGCC,discount rate,2030,0.0535847804878049,per unit,2022,R&D,Conservative,"NREL, NREL ATB 2024",
Coal-IGCC,discount rate,2035,0.0535847804878049,per unit,2022,Market,Advanced,"NREL, NREL ATB 2024",
Coal-IGCC,discount rate,2035,0.0535847804878049,per unit,2022,Market,Moderate,"NREL, NREL ATB 2024",
Coal-IGCC,discount rate,2035,0.0535847804878049,per unit,2022,Market,Conservative,"NREL, NREL ATB 2024",
Coal-IGCC,discount rate,2035,0.0535847804878049,per unit,2022,R&D,Advanced,"NREL, NREL ATB 2024",
Coal-IGCC,discount rate,2035,0.0535847804878049,per unit,2022,R&D,Moderate,"NREL, NREL ATB 2024",
Coal-IGCC,discount rate,2035,0.0535847804878049,per unit,2022,R&D,Conservative,"NREL, NREL ATB 2024",
Coal-IGCC,discount rate,2040,0.0535847804878049,per unit,2022,Market,Advanced,"NREL, NREL ATB 2024",
Coal-IGCC,discount rate,2040,0.0535847804878049,per unit,2022,Market,Moderate,"NREL, NREL ATB 2024",
Coal-IGCC,discount rate,2040,0.0535847804878049,per unit,2022,Market,Conservative,"NREL, NREL ATB 2024",
Coal-IGCC,discount rate,2040,0.0535847804878049,per unit,2022,R&D,Advanced,"NREL, NREL ATB 2024",
Coal-IGCC,discount rate,2040,0.0535847804878049,per unit,2022,R&D,Moderate,"NREL, NREL ATB 2024",
Coal-IGCC,discount rate,2040,0.0535847804878049,per unit,2022,R&D,Conservative,"NREL, NREL ATB 2024",
Coal-IGCC,discount rate,2045,0.0535847804878049,per unit,2022,Market,Advanced,"NREL, NREL ATB 2024",
Coal-IGCC,discount rate,2045,0.0535847804878049,per unit,2022,Market,Moderate,"NREL, NREL ATB 2024",
Coal-IGCC,discount rate,2045,0.0535847804878049,per unit,2022,Market,Conservative,"NREL, NREL ATB 2024",
Coal-IGCC,discount rate,2045,0.0535847804878049,per unit,2022,R&D,Advanced,"NREL, NREL ATB 2024",
Coal-IGCC,discount rate,2045,0.0535847804878049,per unit,2022,R&D,Moderate,"NREL, NREL ATB 2024",
Coal-IGCC,discount rate,2045,0.0535847804878049,per unit,2022,R&D,Conservative,"NREL, NREL ATB 2024",
Coal-IGCC,discount rate,2050,0.0535847804878049,per unit,2022,Market,Advanced,"NREL, NREL ATB 2024",
Coal-IGCC,discount rate,2050,0.0535847804878049,per unit,2022,Market,Moderate,"NREL, NREL ATB 2024",
Coal-IGCC,discount rate,2050,0.0535847804878049,per unit,2022,Market,Conservative,"NREL, NREL ATB 2024",
Coal-IGCC,discount rate,2050,0.0535847804878049,per unit,2022,R&D,Advanced,"NREL, NREL ATB 2024",
Coal-IGCC,discount rate,2050,0.0535847804878049,per unit,2022,R&D,Moderate,"NREL, NREL ATB 2024",
Coal-IGCC,discount rate,2050,0.0535847804878049,per unit,2022,R&D,Conservative,"NREL, NREL ATB 2024",
Coal-IGCC-90%-CCS,discount rate,2025,0.0535847804878049,per unit,2022,Market,Advanced,"NREL, NREL ATB 2024",
Coal-IGCC-90%-CCS,discount rate,2025,0.0535847804878049,per unit,2022,Market,Moderate,"NREL, NREL ATB 2024",
Coal-IGCC-90%-CCS,discount rate,2025,0.0535847804878049,per unit,2022,Market,Conservative,"NREL, NREL ATB 2024",
Coal-IGCC-90%-CCS,discount rate,2025,0.0535847804878049,per unit,2022,R&D,Advanced,"NREL, NREL ATB 2024",
Coal-IGCC-90%-CCS,discount rate,2025,0.0535847804878049,per unit,2022,R&D,Moderate,"NREL, NREL ATB 2024",
Coal-IGCC-90%-CCS,discount rate,2025,0.0535847804878049,per unit,2022,R&D,Conservative,"NREL, NREL ATB 2024",
Coal-IGCC-90%-CCS,discount rate,2030,0.0535847804878049,per unit,2022,Market,Advanced,"NREL, NREL ATB 2024",
Coal-IGCC-90%-CCS,discount rate,2030,0.0535847804878049,per unit,2022,Market,Moderate,"NREL, NREL ATB 2024",
Coal-IGCC-90%-CCS,discount rate,2030,0.0535847804878049,per unit,2022,Market,Conservative,"NREL, NREL ATB 2024",
Coal-IGCC-90%-CCS,discount rate,2030,0.0535847804878049,per unit,2022,R&D,Advanced,"NREL, NREL ATB 2024",
Coal-IGCC-90%-CCS,discount rate,2030,0.0535847804878049,per unit,2022,R&D,Moderate,"NREL, NREL ATB 2024",
Coal-IGCC-90%-CCS,discount rate,2030,0.0535847804878049,per unit,2022,R&D,Conservative,"NREL, NREL ATB 2024",
Coal-IGCC-90%-CCS,discount rate,2035,0.0535847804878049,per unit,2022,Market,Advanced,"NREL, NREL ATB 2024",
Coal-IGCC-90%-CCS,discount rate,2035,0.0535847804878049,per unit,2022,Market,Moderate,"NREL, NREL ATB 2024",
Coal-IGCC-90%-CCS,discount rate,2035,0.0535847804878049,per unit,2022,Market,Conservative,"NREL, NREL ATB 2024",
Coal-IGCC-90%-CCS,discount rate,2035,0.0535847804878049,per unit,2022,R&D,Advanced,"NREL, NREL ATB 2024",
Coal-IGCC-90%-CCS,discount rate,2035,0.0535847804878049,per unit,2022,R&D,Moderate,"NREL, NREL ATB 2024",
Coal-IGCC-90%-CCS,discount rate,2035,0.0535847804878049,per unit,2022,R&D,Conservative,"NREL, NREL ATB 2024",
Coal-IGCC-90%-CCS,discount rate,2040,0.0535847804878049,per unit,2022,Market,Advanced,"NREL, NREL ATB 2024",
Coal-IGCC-90%-CCS,discount rate,2040,0.0535847804878049,per unit,2022,Market,Moderate,"NREL, NREL ATB 2024",
Coal-IGCC-90%-CCS,discount rate,2040,0.0535847804878049,per unit,2022,Market,Conservative,"NREL, NREL ATB 2024",
Coal-IGCC-90%-CCS,discount rate,2040,0.0535847804878049,per unit,2022,R&D,Advanced,"NREL, NREL ATB 2024",
Coal-IGCC-90%-CCS,discount rate,2040,0.0535847804878049,per unit,2022,R&D,Moderate,"NREL, NREL ATB 2024",
Coal-IGCC-90%-CCS,discount rate,2040,0.0535847804878049,per unit,2022,R&D,Conservative,"NREL, NREL ATB 2024",
Coal-IGCC-90%-CCS,discount rate,2045,0.0535847804878049,per unit,2022,Market,Advanced,"NREL, NREL ATB 2024",
Coal-IGCC-90%-CCS,discount rate,2045,0.0535847804878049,per unit,2022,Market,Moderate,"NREL, NREL ATB 2024",
Coal-IGCC-90%-CCS,discount rate,2045,0.0535847804878049,per unit,2022,Market,Conservative,"NREL, NREL ATB 2024",
Coal-IGCC-90%-CCS,discount rate,2045,0.0535847804878049,per unit,2022,R&D,Advanced,"NREL, NREL ATB 2024",
Coal-IGCC-90%-CCS,discount rate,2045,0.0535847804878049,per unit,2022,R&D,Moderate,"NREL, NREL ATB 2024",
Coal-IGCC-90%-CCS,discount rate,2045,0.0535847804878049,per unit,2022,R&D,Conservative,"NREL, NREL ATB 2024",
Coal-IGCC-90%-CCS,discount rate,2050,0.0535847804878049,per unit,2022,Market,Advanced,"NREL, NREL ATB 2024",
Coal-IGCC-90%-CCS,discount rate,2050,0.0535847804878049,per unit,2022,Market,Moderate,"NREL, NREL ATB 2024",
Coal-IGCC-90%-CCS,discount rate,2050,0.0535847804878049,per unit,2022,Market,Conservative,"NREL, NREL ATB 2024",
Coal-IGCC-90%-CCS,discount rate,2050,0.0535847804878049,per unit,2022,R&D,Advanced,"NREL, NREL ATB 2024",
Coal-IGCC-90%-CCS,discount rate,2050,0.0535847804878049,per unit,2022,R&D,Moderate,"NREL, NREL ATB 2024",
Coal-IGCC-90%-CCS,discount rate,2050,0.0535847804878049,per unit,2022,R&D,Conservative,"NREL, NREL ATB 2024",
csp-tower,discount rate,2025,0.0525797392876843,per unit,2022,Market,Advanced,"NREL, NREL ATB 2024",
csp-tower,discount rate,2025,0.0525797392876843,per unit,2022,Market,Moderate,"NREL, NREL ATB 2024",
csp-tower,discount rate,2025,0.0525797392876843,per unit,2022,Market,Conservative,"NREL, NREL ATB 2024",
csp-tower,discount rate,2025,0.0416031281240576,per unit,2022,R&D,Advanced,"NREL, NREL ATB 2024",
csp-tower,discount rate,2025,0.0416031281240576,per unit,2022,R&D,Moderate,"NREL, NREL ATB 2024",
csp-tower,discount rate,2025,0.0416031281240576,per unit,2022,R&D,Conservative,"NREL, NREL ATB 2024",
csp-tower,discount rate,2030,0.052579121612842,per unit,2022,Market,Advanced,"NREL, NREL ATB 2024",
csp-tower,discount rate,2030,0.052579121612842,per unit,2022,Market,Moderate,"NREL, NREL ATB 2024",
csp-tower,discount rate,2030,0.052579121612842,per unit,2022,Market,Conservative,"NREL, NREL ATB 2024",
csp-tower,discount rate,2030,0.0416031281240576,per unit,2022,R&D,Advanced,"NREL, NREL ATB 2024",
csp-tower,discount rate,2030,0.0416031281240576,per unit,2022,R&D,Moderate,"NREL, NREL ATB 2024",
csp-tower,discount rate,2030,0.0416031281240576,per unit,2022,R&D,Conservative,"NREL, NREL ATB 2024",
csp-tower,discount rate,2035,0.052578925571245,per unit,2022,Market,Advanced,"NREL, NREL ATB 2024",
csp-tower,discount rate,2035,0.052578925571245,per unit,2022,Market,Moderate,"NREL, NREL ATB 2024",
csp-tower,discount rate,2035,0.052578925571245,per unit,2022,Market,Conservative,"NREL, NREL ATB 2024",
csp-tower,discount rate,2035,0.0416031281240576,per unit,2022,R&D,Advanced,"NREL, NREL ATB 2024",
csp-tower,discount rate,2035,0.0416031281240576,per unit,2022,R&D,Moderate,"NREL, NREL ATB 2024",
csp-tower,discount rate,2035,0.0416031281240576,per unit,2022,R&D,Conservative,"NREL, NREL ATB 2024",
csp-tower,discount rate,2040,0.0525787153461754,per unit,2022,Market,Advanced,"NREL, NREL ATB 2024",
csp-tower,discount rate,2040,0.0525787153461754,per unit,2022,Market,Moderate,"NREL, NREL ATB 2024",
csp-tower,discount rate,2040,0.0525787153461754,per unit,2022,Market,Conservative,"NREL, NREL ATB 2024",
csp-tower,discount rate,2040,0.0416031281240576,per unit,2022,R&D,Advanced,"NREL, NREL ATB 2024",
csp-tower,discount rate,2040,0.0416031281240576,per unit,2022,R&D,Moderate,"NREL, NREL ATB 2024",
csp-tower,discount rate,2040,0.0416031281240576,per unit,2022,R&D,Conservative,"NREL, NREL ATB 2024",
csp-tower,discount rate,2045,0.0525784893406145,per unit,2022,Market,Advanced,"NREL, NREL ATB 2024",
csp-tower,discount rate,2045,0.0525784893406145,per unit,2022,Market,Moderate,"NREL, NREL ATB 2024",
csp-tower,discount rate,2045,0.0525784893406145,per unit,2022,Market,Conservative,"NREL, NREL ATB 2024",
csp-tower,discount rate,2045,0.0416031281240576,per unit,2022,R&D,Advanced,"NREL, NREL ATB 2024",
csp-tower,discount rate,2045,0.0416031281240576,per unit,2022,R&D,Moderate,"NREL, NREL ATB 2024",
csp-tower,discount rate,2045,0.0416031281240576,per unit,2022,R&D,Conservative,"NREL, NREL ATB 2024",
csp-tower,discount rate,2050,0.0525782457084354,per unit,2022,Market,Advanced,"NREL, NREL ATB 2024",
csp-tower,discount rate,2050,0.0525782457084354,per unit,2022,Market,Moderate,"NREL, NREL ATB 2024",
csp-tower,discount rate,2050,0.0525782457084354,per unit,2022,Market,Conservative,"NREL, NREL ATB 2024",
csp-tower,discount rate,2050,0.0416031281240576,per unit,2022,R&D,Advanced,"NREL, NREL ATB 2024",
csp-tower,discount rate,2050,0.0416031281240576,per unit,2022,R&D,Moderate,"NREL, NREL ATB 2024",
csp-tower,discount rate,2050,0.0416031281240576,per unit,2022,R&D,Conservative,"NREL, NREL ATB 2024",
geothermal,discount rate,2025,0.0515205960109768,per unit,2022,Market,Advanced,"NREL, NREL ATB 2024",
geothermal,discount rate,2025,0.0515205960109768,per unit,2022,Market,Moderate,"NREL, NREL ATB 2024",
geothermal,discount rate,2025,0.0515205960109768,per unit,2022,Market,Conservative,"NREL, NREL ATB 2024",
geothermal,discount rate,2025,0.0400999293962161,per unit,2022,R&D,Advanced,"NREL, NREL ATB 2024",
geothermal,discount rate,2025,0.0400999293962161,per unit,2022,R&D,Moderate,"NREL, NREL ATB 2024",
geothermal,discount rate,2025,0.0400999293962161,per unit,2022,R&D,Conservative,"NREL, NREL ATB 2024",
geothermal,discount rate,2030,0.051519516365778,per unit,2022,Market,Advanced,"NREL, NREL ATB 2024",
geothermal,discount rate,2030,0.051519516365778,per unit,2022,Market,Moderate,"NREL, NREL ATB 2024",
geothermal,discount rate,2030,0.051519516365778,per unit,2022,Market,Conservative,"NREL, NREL ATB 2024",
geothermal,discount rate,2030,0.0400999293962161,per unit,2022,R&D,Advanced,"NREL, NREL ATB 2024",
geothermal,discount rate,2030,0.0400999293962161,per unit,2022,R&D,Moderate,"NREL, NREL ATB 2024",
geothermal,discount rate,2030,0.0400999293962161,per unit,2022,R&D,Conservative,"NREL, NREL ATB 2024",
geothermal,discount rate,2035,0.051518866678181,per unit,2022,Market,Advanced,"NREL, NREL ATB 2024",
geothermal,discount rate,2035,0.051518866678181,per unit,2022,Market,Moderate,"NREL, NREL ATB 2024",
geothermal,discount rate,2035,0.051518866678181,per unit,2022,Market,Conservative,"NREL, NREL ATB 2024",
geothermal,discount rate,2035,0.0400999293962161,per unit,2022,R&D,Advanced,"NREL, NREL ATB 2024",
geothermal,discount rate,2035,0.0400999293962161,per unit,2022,R&D,Moderate,"NREL, NREL ATB 2024",
geothermal,discount rate,2035,0.0400999293962161,per unit,2022,R&D,Conservative,"NREL, NREL ATB 2024",
geothermal,discount rate,2040,0.0515179862133584,per unit,2022,Market,Advanced,"NREL, NREL ATB 2024",
geothermal,discount rate,2040,0.0515179862133584,per unit,2022,Market,Moderate,"NREL, NREL ATB 2024",
geothermal,discount rate,2040,0.0515179862133584,per unit,2022,Market,Conservative,"NREL, NREL ATB 2024",
geothermal,discount rate,2040,0.0400999293962161,per unit,2022,R&D,Advanced,"NREL, NREL ATB 2024",
geothermal,discount rate,2040,0.0400999293962161,per unit,2022,R&D,Moderate,"NREL, NREL ATB 2024",
geothermal,discount rate,2040,0.0400999293962161,per unit,2022,R&D,Conservative,"NREL, NREL ATB 2024",
geothermal,discount rate,2045,0.0515170858681351,per unit,2022,Market,Advanced,"NREL, NREL ATB 2024",
geothermal,discount rate,2045,0.0515170858681351,per unit,2022,Market,Moderate,"NREL, NREL ATB 2024",
geothermal,discount rate,2045,0.0515170858681351,per unit,2022,Market,Conservative,"NREL, NREL ATB 2024",
geothermal,discount rate,2045,0.0400999293962161,per unit,2022,R&D,Advanced,"NREL, NREL ATB 2024",
geothermal,discount rate,2045,0.0400999293962161,per unit,2022,R&D,Moderate,"NREL, NREL ATB 2024",
geothermal,discount rate,2045,0.0400999293962161,per unit,2022,R&D,Conservative,"NREL, NREL ATB 2024",
geothermal,discount rate,2050,0.0515161652539438,per unit,2022,Market,Advanced,"NREL, NREL ATB 2024",
geothermal,discount rate,2050,0.0515161652539438,per unit,2022,Market,Moderate,"NREL, NREL ATB 2024",
geothermal,discount rate,2050,0.0515161652539438,per unit,2022,Market,Conservative,"NREL, NREL ATB 2024",
geothermal,discount rate,2050,0.0400999293962161,per unit,2022,R&D,Advanced,"NREL, NREL ATB 2024",
geothermal,discount rate,2050,0.0400999293962161,per unit,2022,R&D,Moderate,"NREL, NREL ATB 2024",
geothermal,discount rate,2050,0.0400999293962161,per unit,2022,R&D,Conservative,"NREL, NREL ATB 2024",
hydro,discount rate,2025,0.0481937880466246,per unit,2022,Market,Advanced,"NREL, NREL ATB 2024",
hydro,discount rate,2025,0.0481937880466246,per unit,2022,Market,Moderate,"NREL, NREL ATB 2024",
hydro,discount rate,2025,0.0481937880466246,per unit,2022,Market,Conservative,"NREL, NREL ATB 2024",
hydro,discount rate,2025,0.0383600809886244,per unit,2022,R&D,Advanced,"NREL, NREL ATB 2024",
hydro,discount rate,2025,0.0383600809886244,per unit,2022,R&D,Moderate,"NREL, NREL ATB 2024",
hydro,discount rate,2025,0.0383600809886244,per unit,2022,R&D,Conservative,"NREL, NREL ATB 2024",
hydro,discount rate,2030,0.0481937880466246,per unit,2022,Market,Advanced,"NREL, NREL ATB 2024",
hydro,discount rate,2030,0.0481937880466246,per unit,2022,Market,Moderate,"NREL, NREL ATB 2024",
hydro,discount rate,2030,0.0481937880466246,per unit,2022,Market,Conservative,"NREL, NREL ATB 2024",
hydro,discount rate,2030,0.0383600809886244,per unit,2022,R&D,Advanced,"NREL, NREL ATB 2024",
hydro,discount rate,2030,0.0383600809886244,per unit,2022,R&D,Moderate,"NREL, NREL ATB 2024",
hydro,discount rate,2030,0.0383600809886244,per unit,2022,R&D,Conservative,"NREL, NREL ATB 2024",
hydro,discount rate,2035,0.0481937880466246,per unit,2022,Market,Advanced,"NREL, NREL ATB 2024",
hydro,discount rate,2035,0.0481937880466246,per unit,2022,Market,Moderate,"NREL, NREL ATB 2024",
hydro,discount rate,2035,0.0481937880466246,per unit,2022,Market,Conservative,"NREL, NREL ATB 2024",
hydro,discount rate,2035,0.0383600809886244,per unit,2022,R&D,Advanced,"NREL, NREL ATB 2024",
hydro,discount rate,2035,0.0383600809886244,per unit,2022,R&D,Moderate,"NREL, NREL ATB 2024",
hydro,discount rate,2035,0.0383600809886244,per unit,2022,R&D,Conservative,"NREL, NREL ATB 2024",
hydro,discount rate,2040,0.0481937880466246,per unit,2022,Market,Advanced,"NREL, NREL ATB 2024",
hydro,discount rate,2040,0.0481937880466246,per unit,2022,Market,Moderate,"NREL, NREL ATB 2024",
hydro,discount rate,2040,0.0481937880466246,per unit,2022,Market,Conservative,"NREL, NREL ATB 2024",
hydro,discount rate,2040,0.0383600809886244,per unit,2022,R&D,Advanced,"NREL, NREL ATB 2024",
hydro,discount rate,2040,0.0383600809886244,per unit,2022,R&D,Moderate,"NREL, NREL ATB 2024",
hydro,discount rate,2040,0.0383600809886244,per unit,2022,R&D,Conservative,"NREL, NREL ATB 2024",
hydro,discount rate,2045,0.0481958813505439,per unit,2022,Market,Advanced,"NREL, NREL ATB 2024",
hydro,discount rate,2045,0.0481958813505439,per unit,2022,Market,Moderate,"NREL, NREL ATB 2024",
hydro,discount rate,2045,0.0481958813505439,per unit,2022,Market,Conservative,"NREL, NREL ATB 2024",
hydro,discount rate,2045,0.0383600809886244,per unit,2022,R&D,Advanced,"NREL, NREL ATB 2024",
hydro,discount rate,2045,0.0383600809886244,per unit,2022,R&D,Moderate,"NREL, NREL ATB 2024",
hydro,discount rate,2045,0.0383600809886244,per unit,2022,R&D,Conservative,"NREL, NREL ATB 2024",
hydro,discount rate,2050,0.0481958813505439,per unit,2022,Market,Advanced,"NREL, NREL ATB 2024",
hydro,discount rate,2050,0.0481958813505439,per unit,2022,Market,Moderate,"NREL, NREL ATB 2024",
hydro,discount rate,2050,0.0481958813505439,per unit,2022,Market,Conservative,"NREL, NREL ATB 2024",
hydro,discount rate,2050,0.0383600809886244,per unit,2022,R&D,Advanced,"NREL, NREL ATB 2024",
hydro,discount rate,2050,0.0383600809886244,per unit,2022,R&D,Moderate,"NREL, NREL ATB 2024",
hydro,discount rate,2050,0.0383600809886244,per unit,2022,R&D,Conservative,"NREL, NREL ATB 2024",
nuclear,discount rate,2030,0.0564730561021376,per unit,2022,Market,Advanced,"NREL, NREL ATB 2024",
nuclear,discount rate,2030,0.0564730561021376,per unit,2022,Market,Moderate,"NREL, NREL ATB 2024",
nuclear,discount rate,2030,0.0564730561021376,per unit,2022,Market,Conservative,"NREL, NREL ATB 2024",
nuclear,discount rate,2030,0.0471844359305569,per unit,2022,R&D,Advanced,"NREL, NREL ATB 2024",
nuclear,discount rate,2030,0.0471844359305569,per unit,2022,R&D,Moderate,"NREL, NREL ATB 2024",
nuclear,discount rate,2030,0.0471844359305569,per unit,2022,R&D,Conservative,"NREL, NREL ATB 2024",
nuclear,discount rate,2035,0.0564721990412151,per unit,2022,Market,Advanced,"NREL, NREL ATB 2024",
nuclear,discount rate,2035,0.0564721990412151,per unit,2022,Market,Moderate,"NREL, NREL ATB 2024",
nuclear,discount rate,2035,0.0564721990412151,per unit,2022,Market,Conservative,"NREL, NREL ATB 2024",
nuclear,discount rate,2035,0.0471844359305569,per unit,2022,R&D,Advanced,"NREL, NREL ATB 2024",
nuclear,discount rate,2035,0.0471844359305569,per unit,2022,R&D,Moderate,"NREL, NREL ATB 2024",
nuclear,discount rate,2035,0.0471844359305569,per unit,2022,R&D,Conservative,"NREL, NREL ATB 2024",
nuclear,discount rate,2040,0.0564691134062745,per unit,2022,Market,Advanced,"NREL, NREL ATB 2024",
nuclear,discount rate,2040,0.0564691134062745,per unit,2022,Market,Moderate,"NREL, NREL ATB 2024",
nuclear,discount rate,2040,0.0564691134062745,per unit,2022,Market,Conservative,"NREL, NREL ATB 2024",
nuclear,discount rate,2040,0.0471844359305569,per unit,2022,R&D,Advanced,"NREL, NREL ATB 2024",
nuclear,discount rate,2040,0.0471844359305569,per unit,2022,R&D,Moderate,"NREL, NREL ATB 2024",
nuclear,discount rate,2040,0.0471844359305569,per unit,2022,R&D,Conservative,"NREL, NREL ATB 2024",
nuclear,discount rate,2045,0.0564664846362073,per unit,2022,Market,Advanced,"NREL, NREL ATB 2024",
nuclear,discount rate,2045,0.0564664846362073,per unit,2022,Market,Moderate,"NREL, NREL ATB 2024",
nuclear,discount rate,2045,0.0564664846362073,per unit,2022,Market,Conservative,"NREL, NREL ATB 2024",
nuclear,discount rate,2045,0.0471844359305569,per unit,2022,R&D,Advanced,"NREL, NREL ATB 2024",
nuclear,discount rate,2045,0.0471844359305569,per unit,2022,R&D,Moderate,"NREL, NREL ATB 2024",
nuclear,discount rate,2045,0.0471844359305569,per unit,2022,R&D,Conservative,"NREL, NREL ATB 2024",
nuclear,discount rate,2050,0.056463198329135,per unit,2022,Market,Advanced,"NREL, NREL ATB 2024",
nuclear,discount rate,2050,0.056463198329135,per unit,2022,Market,Moderate,"NREL, NREL ATB 2024",
nuclear,discount rate,2050,0.056463198329135,per unit,2022,Market,Conservative,"NREL, NREL ATB 2024",
nuclear,discount rate,2050,0.0471844359305569,per unit,2022,R&D,Advanced,"NREL, NREL ATB 2024",
nuclear,discount rate,2050,0.0471844359305569,per unit,2022,R&D,Moderate,"NREL, NREL ATB 2024",
nuclear,discount rate,2050,0.0471844359305569,per unit,2022,R&D,Conservative,"NREL, NREL ATB 2024",
offwind,discount rate,2025,0.0515282344979717,per unit,2022,Market,Advanced,"NREL, NREL ATB 2024",
offwind,discount rate,2025,0.0515282344979717,per unit,2022,Market,Moderate,"NREL, NREL ATB 2024",
offwind,discount rate,2025,0.0515282344979717,per unit,2022,Market,Conservative,"NREL, NREL ATB 2024",
offwind,discount rate,2025,0.0401070465062936,per unit,2022,R&D,Advanced,"NREL, NREL ATB 2024",
offwind,discount rate,2025,0.0401070465062936,per unit,2022,R&D,Moderate,"NREL, NREL ATB 2024",
offwind,discount rate,2025,0.0401070465062936,per unit,2022,R&D,Conservative,"NREL, NREL ATB 2024",
offwind,discount rate,2030,0.0515227657596506,per unit,2022,Market,Advanced,"NREL, NREL ATB 2024",
offwind,discount rate,2030,0.0515227657596506,per unit,2022,Market,Moderate,"NREL, NREL ATB 2024",
offwind,discount rate,2030,0.0515227657596506,per unit,2022,Market,Conservative,"NREL, NREL ATB 2024",
offwind,discount rate,2030,0.0401070465062936,per unit,2022,R&D,Advanced,"NREL, NREL ATB 2024",
offwind,discount rate,2030,0.0401070465062936,per unit,2022,R&D,Moderate,"NREL, NREL ATB 2024",
offwind,discount rate,2030,0.0401070465062936,per unit,2022,R&D,Conservative,"NREL, NREL ATB 2024",
offwind,discount rate,2035,0.0515170197171646,per unit,2022,Market,Advanced,"NREL, NREL ATB 2024",
offwind,discount rate,2035,0.0515170197171646,per unit,2022,Market,Moderate,"NREL, NREL ATB 2024",
offwind,discount rate,2035,0.0515170197171646,per unit,2022,Market,Conservative,"NREL, NREL ATB 2024",
offwind,discount rate,2035,0.0401070465062936,per unit,2022,R&D,Advanced,"NREL, NREL ATB 2024",
offwind,discount rate,2035,0.0401070465062936,per unit,2022,R&D,Moderate,"NREL, NREL ATB 2024",
offwind,discount rate,2035,0.0401070465062936,per unit,2022,R&D,Conservative,"NREL, NREL ATB 2024",
offwind,discount rate,2040,0.051516962814727,per unit,2022,Market,Advanced,"NREL, NREL ATB 2024",
offwind,discount rate,2040,0.051516962814727,per unit,2022,Market,Moderate,"NREL, NREL ATB 2024",
offwind,discount rate,2040,0.051516962814727,per unit,2022,Market,Conservative,"NREL, NREL ATB 2024",
offwind,discount rate,2040,0.0401070465062936,per unit,2022,R&D,Advanced,"NREL, NREL ATB 2024",
offwind,discount rate,2040,0.0401070465062936,per unit,2022,R&D,Moderate,"NREL, NREL ATB 2024",
offwind,discount rate,2040,0.0401070465062936,per unit,2022,R&D,Conservative,"NREL, NREL ATB 2024",
offwind,discount rate,2045,0.0515169177112711,per unit,2022,Market,Advanced,"NREL, NREL ATB 2024",
offwind,discount rate,2045,0.0515169177112711,per unit,2022,Market,Moderate,"NREL, NREL ATB 2024",
offwind,discount rate,2045,0.0515169177112711,per unit,2022,Market,Conservative,"NREL, NREL ATB 2024",
offwind,discount rate,2045,0.0401070465062936,per unit,2022,R&D,Advanced,"NREL, NREL ATB 2024",
offwind,discount rate,2045,0.0401070465062936,per unit,2022,R&D,Moderate,"NREL, NREL ATB 2024",
offwind,discount rate,2045,0.0401070465062936,per unit,2022,R&D,Conservative,"NREL, NREL ATB 2024",
offwind,discount rate,2050,0.0515168802203552,per unit,2022,Market,Advanced,"NREL, NREL ATB 2024",
offwind,discount rate,2050,0.0515168802203552,per unit,2022,Market,Moderate,"NREL, NREL ATB 2024",
offwind,discount rate,2050,0.0515168802203552,per unit,2022,Market,Conservative,"NREL, NREL ATB 2024",
offwind,discount rate,2050,0.0401070465062936,per unit,2022,R&D,Advanced,"NREL, NREL ATB 2024",
offwind,discount rate,2050,0.0401070465062936,per unit,2022,R&D,Moderate,"NREL, NREL ATB 2024",
offwind,discount rate,2050,0.0401070465062936,per unit,2022,R&D,Conservative,"NREL, NREL ATB 2024",
onwind,discount rate,2025,0.0499998824996633,per unit,2022,Market,Advanced,"NREL, NREL ATB 2024",
onwind,discount rate,2025,0.0499998824996633,per unit,2022,Market,Moderate,"NREL, NREL ATB 2024",
onwind,discount rate,2025,0.0499998824996633,per unit,2022,Market,Conservative,"NREL, NREL ATB 2024",
onwind,discount rate,2025,0.0365777183152598,per unit,2022,R&D,Advanced,"NREL, NREL ATB 2024",
onwind,discount rate,2025,0.0365777183152598,per unit,2022,R&D,Moderate,"NREL, NREL ATB 2024",
onwind,discount rate,2025,0.0365777183152598,per unit,2022,R&D,Conservative,"NREL, NREL ATB 2024",
onwind,discount rate,2030,0.0519007613262936,per unit,2022,Market,Advanced,"NREL, NREL ATB 2024",
onwind,discount rate,2030,0.0519007613262936,per unit,2022,Market,Moderate,"NREL, NREL ATB 2024",
onwind,discount rate,2030,0.0519007613262936,per unit,2022,Market,Conservative,"NREL, NREL ATB 2024",
onwind,discount rate,2030,0.0365777183152598,per unit,2022,R&D,Advanced,"NREL, NREL ATB 2024",
onwind,discount rate,2030,0.0365777183152598,per unit,2022,R&D,Moderate,"NREL, NREL ATB 2024",
onwind,discount rate,2030,0.0365777183152598,per unit,2022,R&D,Conservative,"NREL, NREL ATB 2024",
onwind,discount rate,2035,0.0527004871619183,per unit,2022,Market,Advanced,"NREL, NREL ATB 2024",
onwind,discount rate,2035,0.0527004871619183,per unit,2022,Market,Moderate,"NREL, NREL ATB 2024",
onwind,discount rate,2035,0.0527004871619183,per unit,2022,Market,Conservative,"NREL, NREL ATB 2024",
onwind,discount rate,2035,0.0365777183152598,per unit,2022,R&D,Advanced,"NREL, NREL ATB 2024",
onwind,discount rate,2035,0.0365777183152598,per unit,2022,R&D,Moderate,"NREL, NREL ATB 2024",
onwind,discount rate,2035,0.0365777183152598,per unit,2022,R&D,Conservative,"NREL, NREL ATB 2024",
onwind,discount rate,2040,0.053580857975507,per unit,2022,Market,Advanced,"NREL, NREL ATB 2024",
onwind,discount rate,2040,0.053580857975507,per unit,2022,Market,Moderate,"NREL, NREL ATB 2024",
onwind,discount rate,2040,0.053580857975507,per unit,2022,Market,Conservative,"NREL, NREL ATB 2024",
onwind,discount rate,2040,0.0365777183152598,per unit,2022,R&D,Advanced,"NREL, NREL ATB 2024",
onwind,discount rate,2040,0.0365777183152598,per unit,2022,R&D,Moderate,"NREL, NREL ATB 2024",
onwind,discount rate,2040,0.0365777183152598,per unit,2022,R&D,Conservative,"NREL, NREL ATB 2024",
onwind,discount rate,2045,0.0545547199294649,per unit,2022,Market,Advanced,"NREL, NREL ATB 2024",
onwind,discount rate,2045,0.0545547199294649,per unit,2022,Market,Moderate,"NREL, NREL ATB 2024",
onwind,discount rate,2045,0.0545547199294649,per unit,2022,Market,Conservative,"NREL, NREL ATB 2024",
onwind,discount rate,2045,0.0365777183152598,per unit,2022,R&D,Advanced,"NREL, NREL ATB 2024",
onwind,discount rate,2045,0.0365777183152598,per unit,2022,R&D,Moderate,"NREL, NREL ATB 2024",
onwind,discount rate,2045,0.0365777183152598,per unit,2022,R&D,Conservative,"NREL, NREL ATB 2024",
onwind,discount rate,2050,0.0556378005825331,per unit,2022,Market,Advanced,"NREL, NREL ATB 2024",
onwind,discount rate,2050,0.0556378005825331,per unit,2022,Market,Moderate,"NREL, NREL ATB 2024",
onwind,discount rate,2050,0.0556378005825331,per unit,2022,Market,Conservative,"NREL, NREL ATB 2024",
onwind,discount rate,2050,0.0365777183152598,per unit,2022,R&D,Advanced,"NREL, NREL ATB 2024",
onwind,discount rate,2050,0.0365777183152598,per unit,2022,R&D,Moderate,"NREL, NREL ATB 2024",
onwind,discount rate,2050,0.0365777183152598,per unit,2022,R&D,Conservative,"NREL, NREL ATB 2024",
PHS,discount rate,2025,0.0481937880466246,per unit,2022,Market,Advanced,"NREL, NREL ATB 2024",
PHS,discount rate,2025,0.0481937880466246,per unit,2022,Market,Moderate,"NREL, NREL ATB 2024",
PHS,discount rate,2025,0.0481937880466246,per unit,2022,Market,Conservative,"NREL, NREL ATB 2024",
PHS,discount rate,2025,0.0383600809886244,per unit,2022,R&D,Advanced,"NREL, NREL ATB 2024",
PHS,discount rate,2025,0.0383600809886244,per unit,2022,R&D,Moderate,"NREL, NREL ATB 2024",
PHS,discount rate,2025,0.0383600809886244,per unit,2022,R&D,Conservative,"NREL, NREL ATB 2024",
PHS,discount rate,2030,0.0481937880466246,per unit,2022,Market,Advanced,"NREL, NREL ATB 2024",
PHS,discount rate,2030,0.0481937880466246,per unit,2022,Market,Moderate,"NREL, NREL ATB 2024",
PHS,discount rate,2030,0.0481937880466246,per unit,2022,Market,Conservative,"NREL, NREL ATB 2024",
PHS,discount rate,2030,0.0383600809886244,per unit,2022,R&D,Advanced,"NREL, NREL ATB 2024",
PHS,discount rate,2030,0.0383600809886244,per unit,2022,R&D,Moderate,"NREL, NREL ATB 2024",
PHS,discount rate,2030,0.0383600809886244,per unit,2022,R&D,Conservative,"NREL, NREL ATB 2024",
PHS,discount rate,2035,0.0481937880466246,per unit,2022,Market,Advanced,"NREL, NREL ATB 2024",
PHS,discount rate,2035,0.0481937880466246,per unit,2022,Market,Moderate,"NREL, NREL ATB 2024",
PHS,discount rate,2035,0.0481937880466246,per unit,2022,Market,Conservative,"NREL, NREL ATB 2024",
PHS,discount rate,2035,0.0383600809886244,per unit,2022,R&D,Advanced,"NREL, NREL ATB 2024",
PHS,discount rate,2035,0.0383600809886244,per unit,2022,R&D,Moderate,"NREL, NREL ATB 2024",
PHS,discount rate,2035,0.0383600809886244,per unit,2022,R&D,Conservative,"NREL, NREL ATB 2024",
PHS,discount rate,2040,0.0481937880466246,per unit,2022,Market,Advanced,"NREL, NREL ATB 2024",
PHS,discount rate,2040,0.0481937880466246,per unit,2022,Market,Moderate,"NREL, NREL ATB 2024",
PHS,discount rate,2040,0.0481937880466246,per unit,2022,Market,Conservative,"NREL, NREL ATB 2024",
PHS,discount rate,2040,0.0383600809886244,per unit,2022,R&D,Advanced,"NREL, NREL ATB 2024",
PHS,discount rate,2040,0.0383600809886244,per unit,2022,R&D,Moderate,"NREL, NREL ATB 2024",
PHS,discount rate,2040,0.0383600809886244,per unit,2022,R&D,Conservative,"NREL, NREL ATB 2024",
PHS,discount rate,2045,0.0481958813505439,per unit,2022,Market,Advanced,"NREL, NREL ATB 2024",
PHS,discount rate,2045,0.0481958813505439,per unit,2022,Market,Moderate,"NREL, NREL ATB 2024",
PHS,discount rate,2045,0.0481958813505439,per unit,2022,Market,Conservative,"NREL, NREL ATB 2024",
PHS,discount rate,2045,0.0383600809886244,per unit,2022,R&D,Advanced,"NREL, NREL ATB 2024",
PHS,discount rate,2045,0.0383600809886244,per unit,2022,R&D,Moderate,"NREL, NREL ATB 2024",
PHS,discount rate,2045,0.0383600809886244,per unit,2022,R&D,Conservative,"NREL, NREL ATB 2024",
PHS,discount rate,2050,0.0481958813505439,per unit,2022,Market,Advanced,"NREL, NREL ATB 2024",
PHS,discount rate,2050,0.0481958813505439,per unit,2022,Market,Moderate,"NREL, NREL ATB 2024",
PHS,discount rate,2050,0.0481958813505439,per unit,2022,Market,Conservative,"NREL, NREL ATB 2024",
PHS,discount rate,2050,0.0383600809886244,per unit,2022,R&D,Advanced,"NREL, NREL ATB 2024",
PHS,discount rate,2050,0.0383600809886244,per unit,2022,R&D,Moderate,"NREL, NREL ATB 2024",
PHS,discount rate,2050,0.0383600809886244,per unit,2022,R&D,Conservative,"NREL, NREL ATB 2024",
ror,discount rate,2025,0.0481937880466246,per unit,2022,Market,Advanced,"NREL, NREL ATB 2024",
ror,discount rate,2025,0.0481937880466246,per unit,2022,Market,Moderate,"NREL, NREL ATB 2024",
ror,discount rate,2025,0.0481937880466246,per unit,2022,Market,Conservative,"NREL, NREL ATB 2024",
ror,discount rate,2025,0.0383600809886244,per unit,2022,R&D,Advanced,"NREL, NREL ATB 2024",
ror,discount rate,2025,0.0383600809886244,per unit,2022,R&D,Moderate,"NREL, NREL ATB 2024",
ror,discount rate,2025,0.0383600809886244,per unit,2022,R&D,Conservative,"NREL, NREL ATB 2024",
ror,discount rate,2030,0.0481937880466246,per unit,2022,Market,Advanced,"NREL, NREL ATB 2024",
ror,discount rate,2030,0.0481937880466246,per unit,2022,Market,Moderate,"NREL, NREL ATB 2024",
ror,discount rate,2030,0.0481937880466246,per unit,2022,Market,Conservative,"NREL, NREL ATB 2024",
ror,discount rate,2030,0.0383600809886244,per unit,2022,R&D,Advanced,"NREL, NREL ATB 2024",
ror,discount rate,2030,0.0383600809886244,per unit,2022,R&D,Moderate,"NREL, NREL ATB 2024",
ror,discount rate,2030,0.0383600809886244,per unit,2022,R&D,Conservative,"NREL, NREL ATB 2024",
ror,discount rate,2035,0.0481937880466246,per unit,2022,Market,Advanced,"NREL, NREL ATB 2024",
ror,discount rate,2035,0.0481937880466246,per unit,2022,Market,Moderate,"NREL, NREL ATB 2024",
ror,discount rate,2035,0.0481937880466246,per unit,2022,Market,Conservative,"NREL, NREL ATB 2024",
ror,discount rate,2035,0.0383600809886244,per unit,2022,R&D,Advanced,"NREL, NREL ATB 2024",
ror,discount rate,2035,0.0383600809886244,per unit,2022,R&D,Moderate,"NREL, NREL ATB 2024",
ror,discount rate,2035,0.0383600809886244,per unit,2022,R&D,Conservative,"NREL, NREL ATB 2024",
ror,discount rate,2040,0.0481937880466246,per unit,2022,Market,Advanced,"NREL, NREL ATB 2024",
ror,discount rate,2040,0.0481937880466246,per unit,2022,Market,Moderate,"NREL, NREL ATB 2024",
ror,discount rate,2040,0.0481937880466246,per unit,2022,Market,Conservative,"NREL, NREL ATB 2024",
ror,discount rate,2040,0.0383600809886244,per unit,2022,R&D,Advanced,"NREL, NREL ATB 2024",
ror,discount rate,2040,0.0383600809886244,per unit,2022,R&D,Moderate,"NREL, NREL ATB 2024",
ror,discount rate,2040,0.0383600809886244,per unit,2022,R&D,Conservative,"NREL, NREL ATB 2024",
ror,discount rate,2045,0.0481958813505439,per unit,2022,Market,Advanced,"NREL, NREL ATB 2024",
ror,discount rate,2045,0.0481958813505439,per unit,2022,Market,Moderate,"NREL, NREL ATB 2024",
ror,discount rate,2045,0.0481958813505439,per unit,2022,Market,Conservative,"NREL, NREL ATB 2024",
ror,discount rate,2045,0.0383600809886244,per unit,2022,R&D,Advanced,"NREL, NREL ATB 2024",
ror,discount rate,2045,0.0383600809886244,per unit,2022,R&D,Moderate,"NREL, NREL ATB 2024",
ror,discount rate,2045,0.0383600809886244,per unit,2022,R&D,Conservative,"NREL, NREL ATB 2024",
ror,discount rate,2050,0.0481958813505439,per unit,2022,Market,Advanced,"NREL, NREL ATB 2024",
ror,discount rate,2050,0.0481958813505439,per unit,2022,Market,Moderate,"NREL, NREL ATB 2024",
ror,discount rate,2050,0.0481958813505439,per unit,2022,Market,Conservative,"NREL, NREL ATB 2024",
ror,discount rate,2050,0.0383600809886244,per unit,2022,R&D,Advanced,"NREL, NREL ATB 2024",
ror,discount rate,2050,0.0383600809886244,per unit,2022,R&D,Moderate,"NREL, NREL ATB 2024",
ror,discount rate,2050,0.0383600809886244,per unit,2022,R&D,Conservative,"NREL, NREL ATB 2024",
solar-rooftop,discount rate,2025,0.0461592747895283,per unit,2022,Market,Advanced,"NREL, NREL ATB 2024",
solar-rooftop,discount rate,2025,0.0461592747895283,per unit,2022,Market,Moderate,"NREL, NREL ATB 2024",
solar-rooftop,discount rate,2025,0.0461592747895283,per unit,2022,Market,Conservative,"NREL, NREL ATB 2024",
solar-rooftop,discount rate,2025,0.0364480268090299,per unit,2022,R&D,Advanced,"NREL, NREL ATB 2024",
solar-rooftop,discount rate,2025,0.0364480268090299,per unit,2022,R&D,Moderate,"NREL, NREL ATB 2024",
solar-rooftop,discount rate,2025,0.0364480268090299,per unit,2022,R&D,Conservative,"NREL, NREL ATB 2024",
solar-rooftop,discount rate,2030,0.0461590732529815,per unit,2022,Market,Advanced,"NREL, NREL ATB 2024",
solar-rooftop,discount rate,2030,0.0461590732529815,per unit,2022,Market,Moderate,"NREL, NREL ATB 2024",
solar-rooftop,discount rate,2030,0.0461590732529815,per unit,2022,Market,Conservative,"NREL, NREL ATB 2024",
solar-rooftop,discount rate,2030,0.0364480268090299,per unit,2022,R&D,Advanced,"NREL, NREL ATB 2024",
solar-rooftop,discount rate,2030,0.0364480268090299,per unit,2022,R&D,Moderate,"NREL, NREL ATB 2024",
solar-rooftop,discount rate,2030,0.0364480268090299,per unit,2022,R&D,Conservative,"NREL, NREL ATB 2024",
solar-rooftop,discount rate,2035,0.0461588052507387,per unit,2022,Market,Advanced,"NREL, NREL ATB 2024",
solar-rooftop,discount rate,2035,0.0461588052507387,per unit,2022,Market,Moderate,"NREL, NREL ATB 2024",
solar-rooftop,discount rate,2035,0.0461588052507387,per unit,2022,Market,Conservative,"NREL, NREL ATB 2024",
solar-rooftop,discount rate,2035,0.0364480268090299,per unit,2022,R&D,Advanced,"NREL, NREL ATB 2024",
solar-rooftop,discount rate,2035,0.0364480268090299,per unit,2022,R&D,Moderate,"NREL, NREL ATB 2024",
solar-rooftop,discount rate,2035,0.0364480268090299,per unit,2022,R&D,Conservative,"NREL, NREL ATB 2024",
solar-rooftop,discount rate,2040,0.0461586681402786,per unit,2022,Market,Advanced,"NREL, NREL ATB 2024",
solar-rooftop,discount rate,2040,0.0461586681402786,per unit,2022,Market,Moderate,"NREL, NREL ATB 2024",
solar-rooftop,discount rate,2040,0.0461586681402786,per unit,2022,Market,Conservative,"NREL, NREL ATB 2024",
solar-rooftop,discount rate,2040,0.0364480268090299,per unit,2022,R&D,Advanced,"NREL, NREL ATB 2024",
solar-rooftop,discount rate,2040,0.0364480268090299,per unit,2022,R&D,Moderate,"NREL, NREL ATB 2024",
solar-rooftop,discount rate,2040,0.0364480268090299,per unit,2022,R&D,Conservative,"NREL, NREL ATB 2024",
solar-rooftop,discount rate,2045,0.0461585096202741,per unit,2022,Market,Advanced,"NREL, NREL ATB 2024",
solar-rooftop,discount rate,2045,0.0461585096202741,per unit,2022,Market,Moderate,"NREL, NREL ATB 2024",
solar-rooftop,discount rate,2045,0.0461585096202741,per unit,2022,Market,Conservative,"NREL, NREL ATB 2024",
solar-rooftop,discount rate,2045,0.0364480268090299,per unit,2022,R&D,Advanced,"NREL, NREL ATB 2024",
solar-rooftop,discount rate,2045,0.0364480268090299,per unit,2022,R&D,Moderate,"NREL, NREL ATB 2024",
solar-rooftop,discount rate,2045,0.0364480268090299,per unit,2022,R&D,Conservative,"NREL, NREL ATB 2024",
solar-rooftop,discount rate,2050,0.0461583242514692,per unit,2022,Market,Advanced,"NREL, NREL ATB 2024",
solar-rooftop,discount rate,2050,0.0461583242514692,per unit,2022,Market,Moderate,"NREL, NREL ATB 2024",
solar-rooftop,discount rate,2050,0.0461583242514692,per unit,2022,Market,Conservative,"NREL, NREL ATB 2024",
solar-rooftop,discount rate,2050,0.0364480268090299,per unit,2022,R&D,Advanced,"NREL, NREL ATB 2024",
solar-rooftop,discount rate,2050,0.0364480268090299,per unit,2022,R&D,Moderate,"NREL, NREL ATB 2024",
solar-rooftop,discount rate,2050,0.0364480268090299,per unit,2022,R&D,Conservative,"NREL, NREL ATB 2024",
solar-utility,discount rate,2025,0.04194588203946,per unit,2022,Market,Advanced,"NREL, NREL ATB 2024",
solar-utility,discount rate,2025,0.04194588203946,per unit,2022,Market,Moderate,"NREL, NREL ATB 2024",
solar-utility,discount rate,2025,0.04194588203946,per unit,2022,Market,Conservative,"NREL, NREL ATB 2024",
solar-utility,discount rate,2025,0.0342774493840203,per unit,2022,R&D,Advanced,"NREL, NREL ATB 2024",
solar-utility,discount rate,2025,0.0342774493840203,per unit,2022,R&D,Moderate,"NREL, NREL ATB 2024",
solar-utility,discount rate,2025,0.0342774493840203,per unit,2022,R&D,Conservative,"NREL, NREL ATB 2024",
solar-utility,discount rate,2030,0.0438437157985803,per unit,2022,Market,Advanced,"NREL, NREL ATB 2024",
solar-utility,discount rate,2030,0.0438437157985803,per unit,2022,Market,Moderate,"NREL, NREL ATB 2024",
solar-utility,discount rate,2030,0.0438437157985803,per unit,2022,Market,Conservative,"NREL, NREL ATB 2024",
solar-utility,discount rate,2030,0.0342774493840203,per unit,2022,R&D,Advanced,"NREL, NREL ATB 2024",
solar-utility,discount rate,2030,0.0342774493840203,per unit,2022,R&D,Moderate,"NREL, NREL ATB 2024",
solar-utility,discount rate,2030,0.0342774493840203,per unit,2022,R&D,Conservative,"NREL, NREL ATB 2024",
solar-utility,discount rate,2035,0.0467530940390637,per unit,2022,Market,Advanced,"NREL, NREL ATB 2024",
solar-utility,discount rate,2035,0.0467530940390637,per unit,2022,Market,Moderate,"NREL, NREL ATB 2024",
solar-utility,discount rate,2035,0.0467530940390637,per unit,2022,Market,Conservative,"NREL, NREL ATB 2024",
solar-utility,discount rate,2035,0.0342774493840203,per unit,2022,R&D,Advanced,"NREL, NREL ATB 2024",
solar-utility,discount rate,2035,0.0342774493840203,per unit,2022,R&D,Moderate,"NREL, NREL ATB 2024",
solar-utility,discount rate,2035,0.0342774493840203,per unit,2022,R&D,Conservative,"NREL, NREL ATB 2024",
solar-utility,discount rate,2040,0.0478889864560654,per unit,2022,Market,Advanced,"NREL, NREL ATB 2024",
solar-utility,discount rate,2040,0.0478889864560654,per unit,2022,Market,Moderate,"NREL, NREL ATB 2024",
solar-utility,discount rate,2040,0.0478889864560654,per unit,2022,Market,Conservative,"NREL, NREL ATB 2024",
solar-utility,discount rate,2040,0.0342774493840203,per unit,2022,R&D,Advanced,"NREL, NREL ATB 2024",
solar-utility,discount rate,2040,0.0342774493840203,per unit,2022,R&D,Moderate,"NREL, NREL ATB 2024",
solar-utility,discount rate,2040,0.0342774493840203,per unit,2022,R&D,Conservative,"NREL, NREL ATB 2024",
solar-utility,discount rate,2045,0.0491950551630065,per unit,2022,Market,Advanced,"NREL, NREL ATB 2024",
solar-utility,discount rate,2045,0.0491950551630065,per unit,2022,Market,Moderate,"NREL, NREL ATB 2024",
solar-utility,discount rate,2045,0.0491950551630065,per unit,2022,Market,Conservative,"NREL, NREL ATB 2024",
solar-utility,discount rate,2045,0.0342774493840203,per unit,2022,R&D,Advanced,"NREL, NREL ATB 2024",
solar-utility,discount rate,2045,0.0342774493840203,per unit,2022,R&D,Moderate,"NREL, NREL ATB 2024",
solar-utility,discount rate,2045,0.0342774493840203,per unit,2022,R&D,Conservative,"NREL, NREL ATB 2024",
solar-utility,discount rate,2050,0.0507126462365808,per unit,2022,Market,Advanced,"NREL, NREL ATB 2024",
solar-utility,discount rate,2050,0.0507126462365808,per unit,2022,Market,Moderate,"NREL, NREL ATB 2024",
solar-utility,discount rate,2050,0.0507126462365808,per unit,2022,Market,Conservative,"NREL, NREL ATB 2024",
solar-utility,discount rate,2050,0.0342774493840203,per unit,2022,R&D,Advanced,"NREL, NREL ATB 2024",
solar-utility,discount rate,2050,0.0342774493840203,per unit,2022,R&D,Moderate,"NREL, NREL ATB 2024",
solar-utility,discount rate,2050,0.0342774493840203,per unit,2022,R&D,Conservative,"NREL, NREL ATB 2024",
