Komponente,Groesse,Einheit,2020,2025,2030,2035,2040,2045,2050
Wind Offshore,Investition,EUR/kWel,3512,3210,2937,2697,2493,2337,2251
Wind Offshore,Lebensdauer,a,20,20,20,20,20,20,20
Wind Offshore,Potenzial,GW,0.66,0.66,2.77,2.77,2.77,2.77,2.77
Wind Offshore,M/O-Kosten,% Invest,3,3,3,3,3,3,3
Wind Onshore,Investition,EUR/kWel,1493,1411,1366,1345,1337,1335,1335
Wind Onshore,Lebensdauer,a,24,24,25,25,25,26,26
Wind Onshore,Potenzial,GW,5.52,5.52,5.52,5.52,5.52,5.52,5.52
Wind Onshore,M/O-Kosten,% Invest,3,3,3,3,3,3,3
Photovoltaik Dach S�d,Investition,EUR/kWel,976,828,718,643,597,576,571
Photovoltaik Dach S�d,Lebensdauer,a,26,26,27,27,28,28,29
Photovoltaik Dach S�d,Potenzial,GW,1.9,4,6.5,6.5,6.5,6.5,6.5
Photovoltaik Dach S�d,M/O-Kosten,% Invest,2,2,2,2,2,2,2
Photovoltaik Dach Ost-West,Investition,EUR/kWel,976,828,718,643,597,576,571
Photovoltaik Dach Ost-West,Lebensdauer,a,26,26,27,27,28,28,29
Photovoltaik Dach Ost-West,Potenzial,GW,2.3,4.5,6.5,6.5,6.5,6.5,6.5
Photovoltaik Dach Ost-West,M/O-Kosten,% Invest,2,2,2,2,2,2,2
Photovoltaik Freifl�che S�d,Investition,EUR/kWel,648,600,550,505,463,425,390
Photovoltaik Freifl�che S�d,Lebensdauer,a,26,26,27,27,28,28,29
Photovoltaik Freifl�che S�d,Potenzial,GW,1,3.4,4.35,4.35,5.35,5.35,5.35
Photovoltaik Freifl�che S�d,M/O-Kosten,% Invest,2,2,2,2,2,2,2
GuD-Kraftwerke,Investition,EUR/kWel,700,700,700,700,700,700,700
GuD-Kraftwerke,Lebensdauer,a,40,40,40,40,40,40,40
GuD-Kraftwerke,M/O-Kosten,% Invest,3,3,3,3,3,3,3
GuD-Kraftwerke,Wirkungsgrad,%,56,57,59,60,61,62,63
Gasturbine,Investition,EUR/kWel,385,385,385,385,385,385,385
Gasturbine,Lebensdauer,a,40,40,40,40,40,40,40
Gasturbine,M/O-Kosten,% Invest,2,2,2,2,2,2,2
Gasturbine,Wirkungsgrad,%,35,35,35,35,35,35,35
Braunkohle- kraftwerk,Investition,EUR/kWel,1700,1700,1700,1700,1700,1700,1700
Braunkohle- kraftwerk,Lebensdauer,a,45,45,45,45,45,45,45
Braunkohle- kraftwerk,M/O-Kosten,% Invest,1.6,1.6,1.6,1.6,1.6,1.6,1.6
Braunkohle- kraftwerk,Wirkungsgrad,%,37,38,39,40,41,42,42
Steinkohle- kraftwerk,Investition,EUR/kWel,1500,1500,1500,1500,1500,1500,1500
Steinkohle- kraftwerk,Lebensdauer,a,45,45,45,45,45,45,45
Steinkohle- kraftwerk,M/O-Kosten,% Invest,1.6,1.6,1.6,1.6,1.6,1.6,1.6
Steinkohle- kraftwerk,Wirkungsgrad,%,41,42,42,42,42,42,42
H2-R�ckver- stromung (Gasturbine),Investition,EUR/kWel,500,451,419,399,389,386,385
H2-R�ckver- stromung (Gasturbine),Lebensdauer,a,40,40,40,40,40,40,40
H2-R�ckver- stromung (Gasturbine),M/O-Kosten,% Invest,2,2,2,2,2,2,2
H2-R�ckver- stromung (Gasturbine),Wirkungsgrad,%,40,40,40,40,40,40,40
W�rmenetze,Investition,EUR/kWth,400,400,400,400,400,400,400
W�rmenetze,Lebensdauer,a,40,40,40,40,40,40,40
W�rmenetze,M/O-Kosten,% Invest,1,1,1,1,1,1,1
Gasnetz,Investition,EUR/kWGas,28,28,28,28,28,28,28
Gasnetz,Lebensdauer,a,30,30,30,30,30,30,30
Gasnetz,M/O-Kosten,% Invest,2.5,2.5,2.5,2.5,2.5,2.5,2.5
Anbindung - Offshore Seekabel,Investition,EUR/kWWind_off,430,430,430,430,430,430,430
Anbindung - Offshore Seekabel,Lebensdauer,a,40,40,40,40,40,40,40
Anbindung - Offshore Seekabel,M/O-Kosten,% Invest,3,3,3,3,3,3,3
HG� (Nord-S�d- Anbindung),Investition,EUR/kWWind_off,200,200,200,200,200,200,200
HG� (Nord-S�d- Anbindung),Lebensdauer,a,40,40,40,40,40,40,40
HG� (Nord-S�d- Anbindung),M/O-Kosten,% Invest,3,3,3,3,3,3,3
Mittelspannung (Onshore Ausbau),Investition,EUR/kWWind_on,180,180,180,180,180,180,180
Mittelspannung (Onshore Ausbau),Lebensdauer,a,40,40,40,40,40,40,40
Mittelspannung (Onshore Ausbau),M/O-Kosten,% Invest,3,3,3,3,3,3,3
Verteilnetz (PV- Ausbau),Investition,EUR/kWPV,140,140,140,140,140,140,140
Verteilnetz (PV- Ausbau),Lebensdauer,a,40,40,40,40,40,40,40
Verteilnetz (PV- Ausbau),M/O-Kosten,% Invest,3,3,3,3,3,3,3
Elektrolyse (MIX PEM/AEL/HTEL),Investition,EUR/kWel,738,676,613,584,554,525,495
Elektrolyse (MIX PEM/AEL/HTEL),Lebensdauer,a,26,26,25,26,28,29,30
Elektrolyse (MIX PEM/AEL/HTEL),M/O-Kosten,% Invest,3.5,3.4,3.3,3.5,3.6,3.8,3.9
Elektrolyse (MIX PEM/AEL/HTEL),Wirkungsgrad,%,64.5,64.8,65.1,66.4,67.6,68.9,70.2
Station�re Batterien,Investition,EUR/kWhel,400,275,150,138,125,113,100
Station�re Batterien,Lebensdauer,a,10,10,15,15,15,15,15
Station�re Batterien,M/O-Kosten,% Invest,1,1,1,1,1,1,1
Station�re Batterien,Wirkungsgrad,%,85.8,86.5,87.2,87.8,88.5,89.2,90
Wasserstoffspeicher & -verdichter,Investition,EUR/kWH2,163,163,163,163,163,163,163
Wasserstoffspeicher & -verdichter,Lebensdauer,a,30,30,30,30,30,30,30
Wasserstoffspeicher & -verdichter,M/O-Kosten,% Invest,2.5,2.5,2.5,2.5,2.5,2.5,2.5
Wasserstoffspeicher & -verdichter,Wirkungsgrad,%,95,95,95,95,95,95,95
Wasserstoffspeicher & -verdichter,Lebensdauer,a,21,23,24,26,27,29,30
Wasserstoffspeicher & -verdichter,M/O-Kosten,% Invest,4,4,4,4,4,4,4
Wasserstoffspeicher & -verdichter,Wirkungsgrad,%,57.1,59.3,61.5,61.5,61.5,61.5,61.5
Wasserstoffspeicher & -verdichter,Wirkungsgrad,%,74.3,74.3,74.3,74.3,74.3,74.3,74.3
Wasserstoffspeicher & -verdichter,Lebensdauer,a,15,15,15,15,15,15,15
Wasserstoffspeicher & -verdichter,M/O-Kosten,% Invest,2.5,2.5,2.5,2.5,2.5,2.5,2.5
Wasserstoffspeicher & -verdichter,Wirkungsgrad,%,69.4,69.4,69.4,69.4,69.4,69.4,69.4
Wasserstoffspeicher & -verdichter,Lebensdauer,a,21,23,24,26,27,29,30
Wasserstoffspeicher & -verdichter,M/O-Kosten,% Invest,4,4,4,4,4,4,4
Wasserstoffspeicher & -verdichter,Wirkungsgrad,%,43.3,44.9,46.6,46.6,46.6,46.6,46.6
W�rmenetze: Geothermie-Direktw�rme,Investition,EUR/kWth,3775,3584,3392,3221,3049,2895,2740
W�rmenetze: Geothermie-Direktw�rme,Lebensdauer,a,30,30,35,35,40,40,50
"(Tiefe>1000m, keine",M/O-Kosten,% Invest,2,2,2,2,2,2,2
W�rmenetze: GuD mit W�rmeauskopplung > 10,Investition,EUR/kWel,791,768,753,743,738,737,736
W�rmenetze: GuD mit W�rmeauskopplung > 10,Lebensdauer,a,30,30,30,30,30,30,30
MW,M/O-Kosten,% Invest,3,3,3,3,3,3,3
MW,Wirkungsgrad el.,%,56,58,59,60,61,62,63
MW,Wirkungsgrad th.,%,30,30,30,30,30,30,30
W�rmenetze: (Gro�-) W�rmepumpen (Wasser-,Investition,EUR/kWth,400,375,350,325,300,275,250
W�rmenetze: (Gro�-) W�rmepumpen (Wasser-,Lebensdauer,a,25,25,25,25,25,25,25
Wasser),M/O-Kosten,% Invest,1.3,1.3,1.3,1.3,1.3,1.3,1.3
W�rmenetze: Solarthermie,Investition,EUR/m2,290,260,230,215,200,195,190
W�rmenetze: Solarthermie,Lebensdauer,a,30,30,30,30,30,30,30
(Freifl�chenanlagen),M/O-Kosten,% Invest,1.2,1.2,1.2,1.2,1.2,1.2,1.2
W�rmenetze: W�rmespeicher (Wasser,Investition,EUR/m3,139,129,119,110,100,90,80
W�rmenetze: W�rmespeicher (Wasser,Lebensdauer,a,40,40,40,40,40,40,40
ca. 50 m3),M/O-Kosten,% Invest,1,1,1,1,1,1,1
Gaskessel,Investition,EUR/kWth,97,97,97,97,97,97,97
Gaskessel,Lebensdauer,a,20,20,20,20,20,20,20
Gaskessel,M/O-Kosten,% Invest,2,2,2,2,2,2,2
Gaskessel,Wirkungsgrad NT,%,98,98,98,98,98,98,98
Gaskessel,Wirkungsgrad HT,%,93,93,93,93,93,93,93
Biomassekessel/Holzkessel,Investition,EUR/kWth,251,243,236,228,221,214,206
Biomassekessel/Holzkessel,Lebensdauer,a,20,20,20,20,20,20,20
Biomassekessel/Holzkessel,M/O-Kosten,% Invest,6,6,6,6,6,6,6
Biomassekessel/Holzkessel,Wirkungsgrad NT,%,93,93,93,93,93,93,93
Biomassekessel/Holzkessel,Wirkungsgrad HT,%,88,88,88,88,88,88,88
Gasw�rmepumpe HT/NT,Investition,EUR/kWth,1100,1100,1100,1000,1000,900,900
Gasw�rmepumpe HT/NT,Lebensdauer,a,20,20,20,20,20,20,20
Gasw�rmepumpe HT/NT,M/O-Kosten,% Invest,5,5,5,5,4,4,4
Elektrische W�rmepumpe (W�rmequelle: Erdreich) NT,Investition,EUR/kWth,1656,1574,1493,1409,1325,1244,1162
Elektrische W�rmepumpe (W�rmequelle: Erdreich) NT,Lebensdauer,a,20,20,20,20,20,20,20
Elektrische W�rmepumpe (W�rmequelle: Erdreich) NT,M/O-Kosten,% Invest,1.3,1.1,1,1,1,1,1
Elektrische W�rmepumpe (W�rmequelle: Au�enluft) NT,Investition,EUR/kWth,900,857,815,770,725,683,640
Elektrische W�rmepumpe (W�rmequelle: Au�enluft) NT,Lebensdauer,a,20,20,20,20,20,20,20
Elektrische W�rmepumpe (W�rmequelle: Au�enluft) NT,M/O-Kosten,% Invest,1,1,1,1,1,1,1
"Hybride W�rmepumpe (el. WP und Gaskessel, Au�enluft) NT",Investition,EUR/kWth,997,954,912,867,822,780,737
"Hybride W�rmepumpe (el. WP und Gaskessel, Au�enluft) NT",Lebensdauer,a,20,20,20,20,20,20,20
"Hybride W�rmepumpe (el. WP und Gaskessel, Au�enluft) NT",M/O-Kosten,% Invest,3,3,3,3,3,3,3
BHKW Einzelgeb�ude <100 kWel NT/HT,Investition,EUR/kWel,1614,1534,1480,1448,1431,1425,1424
BHKW Einzelgeb�ude <100 kWel NT/HT,Lebensdauer,a,20,20,20,20,20,20,20
BHKW Einzelgeb�ude <100 kWel NT/HT,M/O-Kosten,% Invest,3,3,3,3,3,3,3
BHKW Einzelgeb�ude <100 kWel NT/HT,Wirkungsgrad el.,%,36,36,36,36,36,36,36
BHKW Einzelgeb�ude <100 kWel NT/HT,Wirkungsgrad th.,%,44,44,44,44,44,44,44
H2-Brennstoffzelle f�r Strom&W�rme im Einzelgeb�ude <100 kWel,Investition,EUR/kWel,8285,3903,2072,1455,1308,1289,1289
H2-Brennstoffzelle f�r Strom&W�rme im Einzelgeb�ude <100 kWel,Lebensdauer,a,15,20,20,20,20,20,20
H2-Brennstoffzelle f�r Strom&W�rme im Einzelgeb�ude <100 kWel,M/O-Kosten,% Invest,3.6,3.4,3.3,3.3,3.3,3.3,3.3
NT,Wirkungsgrad el.,%,62.9,63.4,63.9,64.4,64.9,65.4,65.9
NT,Wirkungsgrad th.,%,27.9,28.1,28.3,28.5,28.7,28.9,29.1
CH4-Brennstoffzelle NT,Investition,EUR/kWel,9113,4293,2280,1600,1438,1418,1418
CH4-Brennstoffzelle NT,Lebensdauer,a,15,20,20,20,20,20,20
CH4-Brennstoffzelle NT,M/O-Kosten,% Invest,3.6,3.4,3.3,3.3,3.3,3.3,3.3
CH4-Brennstoffzelle NT,Wirkungsgrad el.,%,53.5,53.9,54.3,54.8,55.2,55.6,56
CH4-Brennstoffzelle NT,Wirkungsgrad th.,%,33,33,34,34,34,34,34
Elektrische W�rmepumpe (W�rmequelle: Erdreich) HT,Investition,EUR/kWth,1822,1732,1642,1550,1458,1368,1278
Elektrische W�rmepumpe (W�rmequelle: Erdreich) HT,Lebensdauer,a,20,20,20,20,20,20,20
Elektrische W�rmepumpe (W�rmequelle: Erdreich) HT,M/O-Kosten,% Invest,1.3,1.1,1,1,1,1,1
Elektrische W�rmepumpe (W�rmequelle: Au�enluft) HT,Investition,EUR/kWth,990,943,897,847,798,751,704
Elektrische W�rmepumpe (W�rmequelle: Au�enluft) HT,Lebensdauer,a,20,20,20,20,20,20,20
Elektrische W�rmepumpe (W�rmequelle: Au�enluft) HT,M/O-Kosten,% Invest,1,1,1,1,1,1,1
"Hybride W�rmepumpe (el. WP und Gaskessel, Au�enluft) HT",Investition,EUR/kWth,1097,1049,1003,954,904,858,811
"Hybride W�rmepumpe (el. WP und Gaskessel, Au�enluft) HT",Lebensdauer,a,20,20,20,20,20,20,20
"Hybride W�rmepumpe (el. WP und Gaskessel, Au�enluft) HT",M/O-Kosten,% Invest,3,3,3,3,3,3,3
H2-Brennstoffzelle f�r Strom&W�rme im Einzelgeb�ude <100 kWel,Investition,EUR/kWel,8285,3903,2072,1455,1308,1289,1289
H2-Brennstoffzelle f�r Strom&W�rme im Einzelgeb�ude <100 kWel,Lebensdauer,a,10,10,10,10,10,10,10
H2-Brennstoffzelle f�r Strom&W�rme im Einzelgeb�ude <100 kWel,M/O-Kosten,% Invest,3,3,3,3,3,3,3
HT,Wirkungsgrad el.,%,55.1,56.9,58.7,60.5,62.3,64.1,65.9
HT,Wirkungsgrad th.,%,39.9,38.1,36.3,34.5,32.7,30.9,29.1
CH4-Brennstoffzelle HT,Investition,EUR/kWel,7826,3724,2071,1543,1429,1418,1418
CH4-Brennstoffzelle HT,Lebensdauer,a,17,20,20,20,20,20,10
CH4-Brennstoffzelle HT,M/O-Kosten,% Invest,3.5,3.4,3.3,3.3,3.3,3.3,3
CH4-Brennstoffzelle HT,Wirkungsgrad el.,%,46.8,48.4,49.9,51.4,52.9,54.5,56
CH4-Brennstoffzelle HT,Wirkungsgrad th.,%,39,38.2,37.3,36.5,35.7,34.8,34
Solarthermiekollektoren (Aufdachanlagen) NT/HT,Investition,EUR/m2,550,475,400,375,350,330,310
Solarthermiekollektoren (Aufdachanlagen) NT/HT,Lebensdauer,a,25,25,25,25,25,25,25
Solarthermiekollektoren (Aufdachanlagen) NT/HT,M/O-Kosten,% Invest,1.2,1.2,1.2,1.2,1.2,1.2,1.2
W�rmespeicher (Wasser)  - in Einzelgeb�uden,Investition,EUR/l,1,1,1,1,1,1,1
W�rmespeicher (Wasser)  - in Einzelgeb�uden,Lebensdauer,a,20,20,20,20,20,20,20
W�rmespeicher (Wasser)  - in Einzelgeb�uden,M/O-Kosten,% Invest,1.3,1.3,1.3,1.3,1.3,1.3,1.3
Geb�udesanierung EnEV2015 -25% (Bezeichnung:,Investition,EUR/m2,102,102,102,102,102,102,102
Geb�udesanierung EnEV2015 -25% (Bezeichnung:,Lebensdauer,a,50,50,50,50,50,50,50
Geb�udesanierung EnEV2015 -25% (Bezeichnung:,M/O-Kosten,% Invest,1,1,1,1,1,1,1
"""vollsaniert"") Geb�udesanierung ""Passivhaus"" (Bezeichnung:",Investition,EUR/m2,180,180,180,180,180,180,180
"""vollsaniert"") Geb�udesanierung ""Passivhaus"" (Bezeichnung:",Lebensdauer,a,50,50,50,50,50,50,50
"""vollsaniert"") Geb�udesanierung ""Passivhaus"" (Bezeichnung:",M/O-Kosten,% Invest,1,1,1,1,1,1,1
"""vollsaniert+"") Absenkung der Vorlauftemperatur in Wohngeb�uden (z.B. durch",Investition,EUR/m2,60,60,60,60,60,60,60
"""vollsaniert+"") Absenkung der Vorlauftemperatur in Wohngeb�uden (z.B. durch",Lebensdauer,a,50,50,50,50,50,50,50
"""vollsaniert+"") Absenkung der Vorlauftemperatur in Wohngeb�uden (z.B. durch",M/O-Kosten,% Invest,1.5,1.5,1.5,1.5,1.5,1.5,1.5
Holz- und holzartige Biomasse zu CH4 (Vergasung mit anschl.,Investition,EUR/kWth,2561,2198,1955,1808,1732,1704,1700
Holz- und holzartige Biomasse zu CH4 (Vergasung mit anschl.,Lebensdauer,a,20,20,20,20,20,20,20
Holz- und holzartige Biomasse zu CH4 (Vergasung mit anschl.,M/O-Kosten,% Invest,5,5,5,5,5,5,5
Synthetisierung),Wirkungsgrad,%,55,55,55,55,55,55,55
Holz- und holzartige Biomasse zu H2 (Vergasung mit anschl.,Investition,EUR/kWth,1874,1609,1431,1323,1267,1247,1244
Holz- und holzartige Biomasse zu H2 (Vergasung mit anschl.,Lebensdauer,a,20,20,20,20,20,20,20
Holz- und holzartige Biomasse zu H2 (Vergasung mit anschl.,M/O-Kosten,% Invest,5,5,5,5,5,5,5
Synthetisierung),Wirkungsgrad,%,61,61,61,61,61,61,61
Holz- und holzartige Biomasse zu fl�ssigen Kraftstoffen (Vergasung,Investition,EUR/kWth,2835,2434,2164,2001,1917,1886,1882
Holz- und holzartige Biomasse zu fl�ssigen Kraftstoffen (Vergasung,Lebensdauer,a,20,20,20,20,20,20,20
Holz- und holzartige Biomasse zu fl�ssigen Kraftstoffen (Vergasung,M/O-Kosten,% Invest,5,5,5,5,5,5,5
mit anschl. Synthetisierung) Biodieselanlage (Raps zu Biodiesel),Wirkungsgrad,%,46,46,46,46,46,46,46
mit anschl. Synthetisierung) Biodieselanlage (Raps zu Biodiesel),Investition,EUR/kWth,150,150,150,150,150,150,150
mit anschl. Synthetisierung) Biodieselanlage (Raps zu Biodiesel),Lebensdauer,a,20,20,20,20,20,20,20
mit anschl. Synthetisierung) Biodieselanlage (Raps zu Biodiesel),M/O-Kosten,% Invest,5,5,5,5,5,5,5
mit anschl. Synthetisierung) Biodieselanlage (Raps zu Biodiesel),Wirkungsgrad,%,60,60,60,60,60,60,60
Biogasanlage (Rohstoff Biogas - ohne BHKW)*,Investition,EUR/kWBiogas,965,852,776,731,707,698,697
Biogasanlage (Rohstoff Biogas - ohne BHKW)*,Lebensdauer,a,20,20,20,20,20,20,20
Biogasanlage (Rohstoff Biogas - ohne BHKW)*,M/O-Kosten,% Invest,5,5,5,5,5,5,5
Biogas Aufbereitung (CO2- Abscheidung -> Bio-Erdgas),Investition,EUR/kWhGas,538.5,412.7,328.4,277.3,251.1,241.4,240
Biogas Aufbereitung (CO2- Abscheidung -> Bio-Erdgas),Lebensdauer,a,25,25,25,25,25,25,25
Biogas Aufbereitung (CO2- Abscheidung -> Bio-Erdgas),M/O-Kosten,% Invest,3,3,3,3,3,3,3
Biogas Aufbereitung (CO2- Abscheidung -> Bio-Erdgas),Wirkungsgrad,%,88,88,88,88,88,88,88
BHKW < 0.5 MW (Biogas- Direktverstromung),Investition,EUR/kWel,556,541,528,517,509,503,500
BHKW < 0.5 MW (Biogas- Direktverstromung),Lebensdauer,a,20,20,20,20,20,20,20
BHKW < 0.5 MW (Biogas- Direktverstromung),M/O-Kosten,% Invest,2.5,2.5,2.5,2.5,2.5,2.5,2.5
BHKW < 0.5 MW (Biogas- Direktverstromung),Wirkungsgrad,%,25,25,25,25,25,25,25
PKW ICE- Fl�ssigtreibstoff,Investition,EUR/PKW,23561,24309,24999,25622,26167,26610,26880
PKW ICE- Fl�ssigtreibstoff,Lebensdauer,a,15,15,15,15,15,15,15
PKW ICE- Fl�ssigtreibstoff,M/O-Kosten,% Invest,1.6,1.6,1.6,1.6,1.6,1.6,1.6
PKW ICE- Fl�ssigtreibstoff,Wirkungsgrad*,%,21.5,21.5,21.5,21.5,21.5,21.5,21.5
PKW ICE Gas,Investition,EUR/PKW,25041,25468,25912,26377,26864,27383,27952
PKW ICE Gas,Lebensdauer,a,15,15,15,15,15,15,15
PKW ICE Gas,M/O-Kosten,% Invest,1.4,1.4,1.4,1.4,1.4,1.4,1.4
PKW ICE Gas,Wirkungsgrad*,%,21.5,21.5,21.5,21.5,21.5,21.5,21.5
PKW H2- Brennstoffzelle,Investition,EUR/PKW,55000,43500,33226,30720,29440,28160,26880
PKW H2- Brennstoffzelle,Lebensdauer,a,15,15,15,15,15,15,15
PKW H2- Brennstoffzelle,M/O-Kosten,% Invest,1.1,1.1,1.1,1.1,1.2,1.2,1.2
PKW H2- Brennstoffzelle,Wirkungsgrad*,%,48,48,48,48,48,48,48
PKW Hybrid H2- Brennstoffzelle /,Investition,EUR/PKW,49375,42760,35000,33130,31260,30462,29665
PKW Hybrid H2- Brennstoffzelle /,Lebensdauer,a,15,15,15,15,15,15,15
Batterie,M/O-Kosten,% Invest,1.1,1.1,1.1,1.1,1.2,1.2,1.2
Batterie,Wirkungsgrad*,%,56,56,56,56,56,56,56
Batterie,Anteil Batterie,%,40,40,40,40,40,40,40
Batterie,Batteriekapazit�t,kWh,12.5,20,20,20,20,20,20
Batterie,Wirkungsgrad,%,74.1,74.1,74.1,74.1,74.1,74.1,74.1
PKW Hybrid ICE Fl�ssigtreibstoff /,Investition,EUR/PKW,31832,31651,30350,30198,30046,30499,30952
PKW Hybrid ICE Fl�ssigtreibstoff /,Lebensdauer,a,15,15,15,15,15,15,15
Batterie,M/O-Kosten,% Invest,1.3,1.3,1.3,1.3,1.3,1.3,1.3
Batterie,Wirkungsgrad*,%,27.4,27.8,27.8,27.8,27.8,27.8,27.8
Batterie,Anteil Batterie,%,40,40,40,40,40,40,40
Batterie,Batteriekapazit�t,kWh,12.5,20,20,20,20,20,20
Batterie,Wirkungsgrad,%,74.1,74.1,74.1,74.1,74.1,74.1,74.1
PKW Hybrid ICE Gas / Batterie,Investition,EUR/PKW,34129,33982,32690,32527,32364,32808,33252
PKW Hybrid ICE Gas / Batterie,Lebensdauer,a,15,15,15,15,15,15,15
PKW Batterie-,Investition Lebensdauer M/O-Kosten Wirkungsgrad* Anteil Batterie Fahrleistung Batteriekapazit�t Wirkungsgrad,EUR/PKW,33000,28812,24624,24358,24092,23827,23561
Elektromotor,Investition Lebensdauer M/O-Kosten Wirkungsgrad* Anteil Batterie Fahrleistung Batteriekapazit�t Wirkungsgrad,a,15,15,15,15,15,15,15
LKW ICE- Fl�ssigtreibstoff,Investition,EUR/LKW,99772,102543,105315,108086,110858,113629,116401
LKW ICE- Fl�ssigtreibstoff,Lebensdauer,a,15,15,15,15,15,15,15
LKW ICE- Fl�ssigtreibstoff,M/O-Kosten,% Invest,18,17.5,17.1,16.6,16.2,15.8,15.5
LKW ICE- Fl�ssigtreibstoff,Wirkungsgrad*,%,37.3,37.3,37.3,37.3,37.3,37.3,37.3
LKW ICE Gas,Investition,EUR/LKW,107771,109476,111301,113260,115367,117652,120183
LKW ICE Gas,Lebensdauer,a,15,15,15,15,15,15,15
LKW ICE Gas,M/O-Kosten,% Invest,16.7,16.4,16.2,15.9,15.6,15.3,15
LKW ICE Gas,Wirkungsgrad*,%,30.1,30.1,30.1,30.1,30.1,30.1,30.1
LKW H2- Brennstoffzelle,Investition,EUR/LKW,151574,122291,116497,117600,120177,122939,125710
LKW H2- Brennstoffzelle,Lebensdauer,a,15,15,15,15,15,15,15
LKW H2- Brennstoffzelle,M/O-Kosten,% Invest,10.1,12.5,13.1,13,12.7,12.4,12.2
LKW H2- Brennstoffzelle,Wirkungsgrad*,%,56,56,56,56,56,56,56
LKW Hybrid H2- Brennstoffzelle /,Investition,EUR/LKW,165674,132399,124847,126262,127677,129994,132310
LKW Hybrid H2- Brennstoffzelle /,Lebensdauer,a,15,15,15,15,15,15,15
Batterie,M/O-Kosten,% Invest,9.2,11.5,12.2,12.1,12,11.8,11.5
Batterie,Wirkungsgrad*,%,56,56,56,56,56,56,56
Batterie,Anteil Batterie,%,5,5,5,5,5,5,5
Batterie,Batteriekapazit�t,kWh,50,50,50,50,50,50,50
Batterie,Wirkungsgrad,%,74.1,74.1,74.1,74.1,74.1,74.1,74.1
LKW Hybrid ICE Fl�ssigtreibstoff /,Investition,EUR/LKW,124728,121279,119580,119395,120463,122492,125123
LKW Hybrid ICE Fl�ssigtreibstoff /,Lebensdauer,a,15,15,15,15,15,15,15
Batterie,M/O-Kosten,% Invest,14.4,14.8,15,15.1,14.9,14.7,14.4
Batterie,Wirkungsgrad*,%,37.3,37.3,37.3,37.3,37.3,37.3,37.3
Batterie,Anteil Batterie,%,5,5,5,5,5,5,5
Batterie,Batteriekapazit�t,kWh,50,50,50,50,50,50,50
Batterie,Wirkungsgrad,%,74.1,74.1,74.1,74.1,74.1,74.1,74.1
LKW Hybrid ICE Gas/Batterie,Investition,EUR/LKW,133788,130476,128831,128645,129684,131682,134301
LKW Hybrid ICE Gas/Batterie,Lebensdauer,a,15,15,15,15,15,15,15
LKW Batterie-,Investition Lebensdauer M/O-Kosten Wirkungsgrad* Anteil Batterie Fahrleistung Batteriekapazit�t Wirkungsgrad,EUR/LKW,204067,165765,136400,134700,133000,131200,129400
Elektromotor,Investition Lebensdauer M/O-Kosten Wirkungsgrad* Anteil Batterie Fahrleistung Batteriekapazit�t Wirkungsgrad,a,15,15,15,15,15,15,15
Ladeinfrastruktur langsam (reine) Batteriefahrzeuge*,Investition,EUR/Lades�ule,1283,1126,1005,1005,1005,1005,1005
Ladeinfrastruktur langsam (reine) Batteriefahrzeuge*,Lebensdauer,a,30,30,30,30,30,30,30
Ladeinfrastruktur langsam (reine) Batteriefahrzeuge*,M/O-Kosten,% Invest,1.6,1.6,1.6,1.6,1.6,1.6,1.6
PKW Ladeinfrastruktur schnell  (reine) Batteriefahrzeuge*,Investition,EUR/Lades�ule,629102,527507,448894,448894,448894,448894,448894
PKW Ladeinfrastruktur schnell  (reine) Batteriefahrzeuge*,Lebensdauer,a,30,30,30,30,30,30,30
PKW Ladeinfrastruktur schnell  (reine) Batteriefahrzeuge*,M/O-Kosten,% Invest,1.6,1.6,1.6,1.6,1.6,1.6,1.6
PKW Ladeinfrastruktur Brennstoffzellen Fahrzeuge * PKW,Investition,EUR/Lades�ule,2243051,2000991,1787894,1788360,1788360,1788360,1788360
PKW Ladeinfrastruktur Brennstoffzellen Fahrzeuge * PKW,Lebensdauer,a,30,30,30,30,30,30,30
PKW Ladeinfrastruktur Brennstoffzellen Fahrzeuge * PKW,M/O-Kosten,% Invest,2.2,2.2,2.2,2.2,2.2,2.2,2.2
Ladeinfrastruktur CNG Fahrzeuge * PKW,Investition,EUR/Lades�ule,429350,429350,429350,429350,429350,429350,429350
Ladeinfrastruktur CNG Fahrzeuge * PKW,Lebensdauer,a,30,30,30,30,30,30,30
Ladeinfrastruktur CNG Fahrzeuge * PKW,M/O-Kosten,% Invest,0.9,0.9,0.9,0.9,0.9,0.9,0.9
Ladeinfrastruktur langsam (reine) Batteriefahrzeuge*,Investition,EUR/Lades�ule,0,93459,0,1451905,0,0,0
Ladeinfrastruktur langsam (reine) Batteriefahrzeuge*,Lebensdauer,a,30,30,30,30,30,30,30
Ladeinfrastruktur langsam (reine) Batteriefahrzeuge*,M/O-Kosten,% Invest,1.8,1.8,1.8,1.8,1.8,1.8,1.8
LKW Ladeinfrastruktur schnell (reine) Batteriefahrzeuge*,Investition,EUR/Lades�ule,0,0,0,0,0,0,0
LKW Ladeinfrastruktur schnell (reine) Batteriefahrzeuge*,Lebensdauer,a,30,30,30,30,30,30,30
LKW Ladeinfrastruktur schnell (reine) Batteriefahrzeuge*,M/O-Kosten,% Invest,1.8,1.8,1.8,1.8,1.8,1.8,1.8
LKW Ladeinfrastruktur Brennstoffzellen Fahrzeuge * LKW,Investition,EUR/Lades�ule,2243051,2000991,1787894,1787894,1787894,1787894,1787894
LKW Ladeinfrastruktur Brennstoffzellen Fahrzeuge * LKW,Lebensdauer,a,30,30,30,30,30,30,30
LKW Ladeinfrastruktur Brennstoffzellen Fahrzeuge * LKW,M/O-Kosten,% Invest,2.2,2.2,2.2,2.2,2.2,2.2,2.2
Ladeinfrastruktur CNG Fahrzeuge* LKW,Investition,EUR/Lades�ule,1708860,1584483,1469159,1469159,1469159,1469159,1469159
Ladeinfrastruktur CNG Fahrzeuge* LKW,Lebensdauer,a,30,30,30,30,30,30,30
Ladeinfrastruktur CNG Fahrzeuge* LKW,M/O-Kosten,% Invest,0.5,0.5,0.5,0.5,0.5,0.5,0.5
Biomassekessel Industrie NT,Investition,EUR/kWth,251,243,236,228,221,214,206
Biomassekessel Industrie NT,Lebensdauer,a,20,20,20,20,20,20,20
Biomassekessel Industrie NT,M/O-Kosten,% Invest,3,3,3,3,3,3,3
Biomassekessel Industrie NT,Wirkungsgrad,%,85,85,85,85,85,85,85
Solarthermische W�rme f�r Industrieprozesse NT (Gro�-) W�rmepumpen (Sole-Wasser) NT,Kosten,EUR/MWhth,89,82,75,69,63,58,54
Solarthermische W�rme f�r Industrieprozesse NT (Gro�-) W�rmepumpen (Sole-Wasser) NT,Investition,EUR/kWth,400,375,350,325,300,275,250
Solarthermische W�rme f�r Industrieprozesse NT (Gro�-) W�rmepumpen (Sole-Wasser) NT,Lebensdauer,a,20,20,20,20,20,20,20
Solarthermische W�rme f�r Industrieprozesse NT (Gro�-) W�rmepumpen (Sole-Wasser) NT,M/O-Kosten,% Invest,3.5,3.5,3.5,3.5,3.5,3.5,3.5
�lkessel Industrie NT,Investition,EUR/kWth,136,136,136,136,136,136,136
�lkessel Industrie NT,Lebensdauer,a,20,20,20,20,20,20,20
�lkessel Industrie NT,M/O-Kosten,% Invest,2,2,2,2,2,2,2
�lkessel Industrie NT,Wirkungsgrad,%,88,88,88,88,88,88,88
Gaskessel Industrie NT,Investition,EUR/kWth,97,97,97,97,97,97,97
Gaskessel Industrie NT,Lebensdauer,a,20,20,20,20,20,20,20
Gaskessel Industrie NT,M/O-Kosten,% Invest,2,2,2,2,2,2,2
Gaskessel Industrie NT,Wirkungsgrad,%,92,92,92,92,92,92,92
Elektrodenkessel NT,Investition,EUR/kWel,136,136,136,136,136,136,136
Elektrodenkessel NT,Lebensdauer,a,20,20,20,20,20,20,20
Elektrodenkessel NT,M/O-Kosten,% Invest,2,2,2,2,2,2,2
Elektrodenkessel NT,Wirkungsgrad,%,98,98,98,98,98,98,98
BHKW  > 1 MWel NT,Investition,EUR/kWel,650,650,650,650,650,650,650
BHKW  > 1 MWel NT,Lebensdauer,a,20,20,20,20,20,20,20
BHKW  > 1 MWel NT,M/O-Kosten,% Invest,3,3,3,3,3,3,3
BHKW  > 1 MWel NT,Wirkungsgrad el.,%,45,45,45,45,45,45,45
BHKW  > 1 MWel NT,Wirkungsgrad th.,%,45,45,45,45,45,45,45
H2-Kessel NT,Investition,EUR/kWth,136,136,136,136,136,136,136
H2-Kessel NT,Lebensdauer,a,20,20,20,20,20,20,20
H2-Kessel NT,M/O-Kosten,% Invest,2,2,2,2,2,2,2
H2-Kessel NT,Wirkungsgrad,%,92,92,92,92,92,92,92
Kohlekessel Industrie NT,Investition,EUR/kWth,251,243,236,228,221,214,206
Kohlekessel Industrie NT,Lebensdauer,a,20,20,20,20,20,20,20
Kohlekessel Industrie NT,M/O-Kosten,% Invest,2,2,2,2,2,2,2
Kohlekessel Industrie NT,Wirkungsgrad,%,85,85,85,85,85,85,85
Biomassekessel Industrie HT,Investition,EUR/kWth,251,243,236,228,221,214,206
Biomassekessel Industrie HT,Lebensdauer,a,20,20,20,20,20,20,20
Biomassekessel Industrie HT,M/O-Kosten,% Invest,3,3,3,3,3,3,3
Biomassekessel Industrie HT,Wirkungsgrad,%,85,85,85,85,85,85,85
Solarthermische W�rme f�r Industrieprozesse HT (Gro�-) W�rmepumpen (Sole-Wasser) HT,Kosten,EUR/kWhth,0.21,0.16,0.13,0.11,0.1,0.1,0.1
Solarthermische W�rme f�r Industrieprozesse HT (Gro�-) W�rmepumpen (Sole-Wasser) HT,Investition,EUR/kWth,692,657,638,629,625,625,625
Solarthermische W�rme f�r Industrieprozesse HT (Gro�-) W�rmepumpen (Sole-Wasser) HT,Lebensdauer,a,20,20,20,20,20,20,20
Solarthermische W�rme f�r Industrieprozesse HT (Gro�-) W�rmepumpen (Sole-Wasser) HT,M/O-Kosten,% Invest,3.5,3.5,3.5,3.5,3.5,3.5,3.5
�lkessel Industrie HT,Investition,EUR/kWth,136,136,136,136,136,136,136
�lkessel Industrie HT,Lebensdauer,a,20,20,20,20,20,20,20
�lkessel Industrie HT,M/O-Kosten,% Invest,2,2,2,2,2,2,2
�lkessel Industrie HT,Wirkungsgrad,%,88,88,88,88,88,88,88
Gaskessel Industrie HT,Investition,EUR/kWth,97,97,97,97,97,97,97
Gaskessel Industrie HT,Lebensdauer,a,20,20,20,20,20,20,20
Gaskessel Industrie HT,M/O-Kosten,% Invest,2,2,2,2,2,2,2
Gaskessel Industrie HT,Wirkungsgrad,%,92,92,92,92,92,92,92
Elektrodenkessel HT,Investition,EUR/kWel,136,136,136,136,136,136,136
Elektrodenkessel HT,Lebensdauer,a,20,20,20,20,20,20,20
Elektrodenkessel HT,M/O-Kosten,% Invest,2,2,2,2,2,2,2
Elektrodenkessel HT,Wirkungsgrad,%,98,98,98,98,98,98,98
GuD-KWK  > 1 MWel HT,Investition,EUR/kWel,650,650,650,650,650,650,650
GuD-KWK  > 1 MWel HT,Lebensdauer,a,20,20,20,20,20,20,20
GuD-KWK  > 1 MWel HT,M/O-Kosten,% Invest,3,3,3,3,3,3,3
GuD-KWK  > 1 MWel HT,Wirkungsgrad el.,%,45,45,45,45,45,45,45
GuD-KWK  > 1 MWel HT,Wirkungsgrad th.,%,45,45,45,45,45,45,45
H2-Kessel HT,Investition,EUR/kWth,136,136,136,136,136,136,136
H2-Kessel HT,Lebensdauer,a,20,20,20,20,20,20,20
H2-Kessel HT,M/O-Kosten,% Invest,2,2,2,2,2,2,2
H2-Kessel HT,Wirkungsgrad,%,92,92,92,92,92,92,92
Kohlekessel Industrie HT,Investition,EUR/kWth,251,243,236,228,221,214,206
Kohlekessel Industrie HT,Lebensdauer,a,20,20,20,20,20,20,20
Kohlekessel Industrie HT,M/O-Kosten,% Invest,2,2,2,2,2,2,2
Kohlekessel Industrie HT,Wirkungsgrad,%,85,85,85,85,85,85,85
