technology,parameter,year,value,unit,currency_year,source,further_description,financial_case,scenario
Fischer-Tropsch,efficiency,2020,0.7,per unit,,ICCT IRA e-fuels assumptions ,,,
Fischer-Tropsch,investment,2020,1696429,USD/MW_FT,2022,ICCT IRA e-fuels assumptions ,,,
Fischer-Tropsch,lifetime,2020,20,years,,ICCT IRA e-fuels assumptions ,,,
Fischer-Tropsch,FOM,2020,4,%/year,2022,ICCT IRA e-fuels assumptions ,,,
Fischer-Tropsch,lifetime,2030,30,years,,ICCT IRA e-fuels assumptions ,,,
Fischer-Tropsch,hydrogen-input,2020,1.43,MWh_H2/MWh_FT,,ICCT IRA e-fuels assumptions ,"0.995 MWh_H2 per output, output increasing from 2020 to 2050 (0.65, 0.7, 0.73, 0.75 MWh liquid FT output).",,
Fischer-Tropsch,electricity-input,2020,0.04,MWh_el/MWh_FT,,ICCT IRA e-fuels assumptions ,"0.005 MWh_el input per FT output, output increasing from 2020 to 2050 (0.65, 0.7, 0.73, 0.75 MWh liquid FT output).",,
Fischer-Tropsch,carbondioxide-input,2020,0.32,t_CO2/MWh_FT,,ICCT IRA e-fuels assumptions ,"Input per 1t FT liquid fuels output, carbon efficiency increases with years (4.3, 3.9, 3.6, 3.3 t_CO2/t_FT from 2020-2050 with LHV 11.95 MWh_th/t_FT).",,
hydrogen storage tank type 1,investment,2020,16.87,USD/kWh_H2,2022,ICCT IRA e-fuels assumptions ,,,
hydrogen storage tank type 1,FOM,2020,4,%/year,2022,ICCT IRA e-fuels assumptions ,,,
hydrogen storage tank type 1,lifetime,2020,30,years,,ICCT IRA e-fuels assumptions ,,,
hydrogen storage tank type 1,min_fill_level,2020,6,%,,"Based on Stöckl et al (2021): https://doi.org/10.48550/arXiv.2005.03464, table SI.9.",,,
hydrogen storage compressor,investment,2020,2.28,USD/kWh_H2,2022,ICCT IRA e-fuels assumptions ,,,
hydrogen storage compressor,FOM,2020,4,%/year,2022,ICCT IRA e-fuels assumptions ,,,
hydrogen storage compressor,lifetime,2020,30,years,,ICCT IRA e-fuels assumptions ,,,
hydrogen storage compressor,compression-electricity-input,2020,0.05,MWh_el/MWh_H2,,"Based on Stöckl et al (2021): https://doi.org/10.48550/arXiv.2005.03464, table SI.4.",1.707 kWh/kg.,,
direct air capture,years,2020,30,years,,ICCT IRA e-fuels assumptions ,,,
direct air capture,FOM,2020,1.3,%/year,2022,ICCT IRA e-fuels assumptions ,Meaning of scenario and financial case: https://atb.nrel.gov/electricity/2024/definitions#scenarios,R&D,Moderate
direct air capture,FOM,2020,1.3,%/year,2022,ICCT IRA e-fuels assumptions ,Meaning of scenario and financial case: https://atb.nrel.gov/electricity/2024/definitions#scenarios,R&D,Conservative
direct air capture,FOM,2020,1.3,%/year,2022,ICCT IRA e-fuels assumptions ,Meaning of scenario and financial case: https://atb.nrel.gov/electricity/2024/definitions#scenarios,R&D,Advanced
direct air capture,investment,2020,12398844.91,USD/t_CO2/h,2022,ICCT IRA e-fuels assumptions ,Meaning of scenario and financial case: https://atb.nrel.gov/electricity/2024/definitions#scenarios,R&D,Moderate
direct air capture,investment,2020,19180739.93,USD/t_CO2/h,2022,ICCT IRA e-fuels assumptions ,Meaning of scenario and financial case: https://atb.nrel.gov/electricity/2024/definitions#scenarios,R&D,Conservative
direct air capture,investment,2020,7103597.31,USD/t_CO2/h,2022,ICCT IRA e-fuels assumptions ,Meaning of scenario and financial case: https://atb.nrel.gov/electricity/2024/definitions#scenarios,R&D,Advanced
direct air capture,FOM,2020,1.3,%/year,2022,ICCT IRA e-fuels assumptions ,Meaning of scenario and financial case: https://atb.nrel.gov/electricity/2024/definitions#scenarios,R&D,Moderate
direct air capture,FOM,2020,1.3,%/year,2022,ICCT IRA e-fuels assumptions ,Meaning of scenario and financial case: https://atb.nrel.gov/electricity/2024/definitions#scenarios,Market,Conservative
direct air capture,FOM,2020,1.3,%/year,2022,ICCT IRA e-fuels assumptions ,Meaning of scenario and financial case: https://atb.nrel.gov/electricity/2024/definitions#scenarios,Market,Advanced
direct air capture,investment,2020,12398844.91,USD/t_CO2/h,2022,ICCT IRA e-fuels assumptions ,Meaning of scenario and financial case: https://atb.nrel.gov/electricity/2024/definitions#scenarios,Market,Moderate
direct air capture,investment,2020,19180739.93,USD/t_CO2/h,2022,ICCT IRA e-fuels assumptions ,Meaning of scenario and financial case: https://atb.nrel.gov/electricity/2024/definitions#scenarios,Market,Conservative
direct air capture,investment,2020,7103597.31,USD/t_CO2/h,2022,ICCT IRA e-fuels assumptions ,Meaning of scenario and financial case: https://atb.nrel.gov/electricity/2024/definitions#scenarios,Market,Advanced
direct air capture,electricity-input,2020,0.24,MWh_el/t_CO2,,ICCT IRA e-fuels assumptions ,,,
direct air capture,heat-input,2020,1.17,MWh_th/t_CO2,,ICCT IRA e-fuels assumptions ,,,
Coal-IGCC,lifetime,2020,40,years,-,"JRC, 01_JRC-EU-TIMES Full model, https://zenodo.org/records/3544900, file `SubRES_15_TECHS_HYDROGEN.xlsx`",,,
Coal-IGCC-90%-CCS,lifetime,2030,40,years,-,"JRC, 01_JRC-EU-TIMES Full model, https://zenodo.org/records/3544900, file `SubRES_15_TECHS_HYDROGEN.xlsx`",,,
Coal-95%-CCS,lifetime,2030,40,years,-,"JRC, 01_JRC-EU-TIMES Full model, https://zenodo.org/records/3544900, file `SubRES_15_TECHS_HYDROGEN.xlsx`",,,
Coal-99%-CCS,lifetime,2030,40,years,-,"JRC, 01_JRC-EU-TIMES Full model, https://zenodo.org/records/3544900, file `SubRES_15_TECHS_HYDROGEN.xlsx`",,,
NG 2-on-1 Combined Cycle (F-Frame),lifetime,2030,30,years,-,"JRC, 01_JRC-EU-TIMES Full model, https://zenodo.org/records/3544900, file `SubRES_15_TECHS_HYDROGEN.xlsx`",,,
NG 2-on-1 Combined Cycle (F-Frame) 95% CCS,lifetime,2030,30,years,-,"JRC, 01_JRC-EU-TIMES Full model, https://zenodo.org/records/3544900, file `SubRES_15_TECHS_HYDROGEN.xlsx`",,,
NG 2-on-1 Combined Cycle (F-Frame) 97% CCS,lifetime,2030,30,years,-,"JRC, 01_JRC-EU-TIMES Full model, https://zenodo.org/records/3544900, file `SubRES_15_TECHS_HYDROGEN.xlsx`",,,
Coal-95%-CCS,capture_rate,2030,0.95,per unit,-,"NREL, NREL ATB 2024",,,
Coal-99%-CCS,capture_rate,2030,0.99,per unit,-,"NREL, NREL ATB 2024",,,
Coal-IGCC-90%-CCS,capture_rate,2030,0.9,per unit,-,"NREL, NREL ATB 2024",,,
NG 2-on-1 Combined Cycle (F-Frame) 95% CCS,capture_rate,2030,0.95,per unit,-,"NREL, NREL ATB 2024",,,
NG 2-on-1 Combined Cycle (F-Frame) 97% CCS,capture_rate,2030,0.97,per unit,-,"NREL, NREL ATB 2024",,,
Coal-IGCC,efficiency,2020,0.5,p.u.,-,"JRC, 01_JRC-EU-TIMES Full model, https://zenodo.org/records/3544900, file `SubRES_15_TECHS_HYDROGEN.xlsx`",,,
Coal-IGCC-90%-CCS,efficiency,2030,0.403,p.u.,,"JRC, 01_JRC-EU-TIMES Full model, https://zenodo.org/records/3544900, file `SubRES_15_TECHS_HYDROGEN.xlsx`",,,
NG 2-on-1 Combined Cycle (F-Frame),efficiency,2020,0.573,p.u.,-,"NREL, “Cost and performance projections for coal- and natural gas-fired power plants""",,,
Coal-95%-CCS,efficiency,2030,0.403,p.u.,-,"JRC, 01_JRC-EU-TIMES Full model, https://zenodo.org/records/3544900, file `SubRES_15_TECHS_HYDROGEN.xlsx`",,,
Coal-99%-CCS,efficiency,2030,0.403,p.u.,-,"JRC, 01_JRC-EU-TIMES Full model, https://zenodo.org/records/3544900, file `SubRES_15_TECHS_HYDROGEN.xlsx`",,,
NG 2-on-1 Combined Cycle (F-Frame),efficiency,2030,0.573,p.u.,-,"NREL, “Cost and performance projections for coal- and natural gas-fired power plants""",,,
NG 2-on-1 Combined Cycle (F-Frame) 95% CCS,efficiency,2030,0.527,p.u.,-,"NREL, “Cost and performance projections for coal- and natural gas-fired power plants""",,,
NG 2-on-1 Combined Cycle (F-Frame) 97% CCS,efficiency,2030,0.525,p.u.,-,"NREL, “Cost and performance projections for coal- and natural gas-fired power plants""",,,
Coal integrated retrofit 90%-CCS,capture_rate,2030,0.9,per unit,-,"NREL, “Cost and performance projections for coal- and natural gas-fired power plants""",,,
Coal integrated retrofit 95%-CCS,capture_rate,2030,0.95,per unit,-,"NREL, “Cost and performance projections for coal- and natural gas-fired power plants""",,,
NG Combined Cycle F-Class integrated retrofit 90%-CCS,capture_rate,2030,0.9,per unit,-,"NREL, “Cost and performance projections for coal- and natural gas-fired power plants""",,,
NG Combined Cycle F-Class integrated retrofit 95%-CCS,capture_rate,2030,0.95,per unit,-,"NREL, “Cost and performance projections for coal- and natural gas-fired power plants""",,,
Coal integrated retrofit 90%-CCS,efficiency,2030,0.386,p.u.,-,"NREL, “Cost and performance projections for coal- and natural gas-fired power plants""",,,
Coal integrated retrofit 95%-CCS,efficiency,2030,0.386,p.u.,-,"NREL, “Cost and performance projections for coal- and natural gas-fired power plants""",,,
NG Combined Cycle F-Class integrated retrofit 90%-CCS,efficiency,2030,0.536,p.u.,-,"NREL, “Cost and performance projections for coal- and natural gas-fired power plants""",,,
NG Combined Cycle F-Class integrated retrofit 95%-CCS,efficiency,2030,0.536,p.u.,-,"NREL, “Cost and performance projections for coal- and natural gas-fired power plants""",,,
Natural gas steam reforming,lifetime,2020,20,years,-,"JRC, 01_JRC-EU-TIMES Full model, https://zenodo.org/records/3544900, file `SubRES_15_TECHS_HYDROGEN.xlsx`",,,
Coal gasification,lifetime,2020,20,years,-,"JRC, 01_JRC-EU-TIMES Full model, https://zenodo.org/records/3544900, file `SubRES_15_TECHS_HYDROGEN.xlsx`",,,
Heavy oil partial oxidation,lifetime,2020,20,years,-,"JRC, 01_JRC-EU-TIMES Full model, https://zenodo.org/records/3544900, file `SubRES_15_TECHS_HYDROGEN.xlsx`",,,
Solid biomass steam reforming,lifetime,2020,20,years,-,"JRC, 01_JRC-EU-TIMES Full model, https://zenodo.org/records/3544900, file `SubRES_15_TECHS_HYDROGEN.xlsx`",,,
Biomass gasification,lifetime,2020,20,years,-,"JRC, 01_JRC-EU-TIMES Full model, https://zenodo.org/records/3544900, file `SubRES_15_TECHS_HYDROGEN.xlsx`",,,
Natural gas steam reforming CC,lifetime,2020,20,years,-,"JRC, 01_JRC-EU-TIMES Full model, https://zenodo.org/records/3544900, file `SubRES_15_TECHS_HYDROGEN.xlsx`",,,
Coal gasification CC,lifetime,2020,20,years,-,"JRC, 01_JRC-EU-TIMES Full model, https://zenodo.org/records/3544900, file `SubRES_15_TECHS_HYDROGEN.xlsx`",,,
Biomass gasification CC,lifetime,2020,20,years,-,"JRC, 01_JRC-EU-TIMES Full model, https://zenodo.org/records/3544900, file `SubRES_15_TECHS_HYDROGEN.xlsx`",,,
Natural gas steam reforming,efficiency,2020,0.75,p.u.,-,"JRC, 01_JRC-EU-TIMES Full model, https://zenodo.org/records/3544900, file `SubRES_15_TECHS_HYDROGEN.xlsx`",,,
Natural gas steam reforming,efficiency,2050,0.787,p.u.,-,"JRC, 01_JRC-EU-TIMES Full model, https://zenodo.org/records/3544900, file `SubRES_15_TECHS_HYDROGEN.xlsx`",,,
Coal gasification,efficiency,2020,0.56,p.u.,-,"JRC, 01_JRC-EU-TIMES Full model, https://zenodo.org/records/3544900, file `SubRES_15_TECHS_HYDROGEN.xlsx`",,,
Coal gasification,efficiency,2050,0.787,p.u.,-,"JRC, 01_JRC-EU-TIMES Full model, https://zenodo.org/records/3544900, file `SubRES_15_TECHS_HYDROGEN.xlsx`",,,
Heavy oil partial oxidation,efficiency,2020,0.734,p.u.,-,"JRC, 01_JRC-EU-TIMES Full model, https://zenodo.org/records/3544900, file `SubRES_15_TECHS_HYDROGEN.xlsx`",,,
Solid biomass steam reforming,FOM,2020,0.04,%/year,2010,"JRC, 01_JRC-EU-TIMES Full model, https://zenodo.org/records/3544900, file `SubRES_15_TECHS_HYDROGEN.xlsx`",,,
Solid biomass steam reforming,FOM,2020,0.05,%/year,2010,"JRC, 01_JRC-EU-TIMES Full model, https://zenodo.org/records/3544900, file `SubRES_15_TECHS_HYDROGEN.xlsx`",,,
Natural gas steam reforming CC,FOM,2030,0.05,%/year,2010,"JRC, 01_JRC-EU-TIMES Full model, https://zenodo.org/records/3544900, file `SubRES_15_TECHS_HYDROGEN.xlsx`",,,
Natural gas steam reforming CC,FOM,2050,0.05,%/year,2010,"JRC, 01_JRC-EU-TIMES Full model, https://zenodo.org/records/3544900, file `SubRES_15_TECHS_HYDROGEN.xlsx`",,,
Coal gasification CC,FOM,2030,0.07,%/year,2010,"JRC, 01_JRC-EU-TIMES Full model, https://zenodo.org/records/3544900, file `SubRES_15_TECHS_HYDROGEN.xlsx`",,,
Biomass gasification CC,FOM,2030,0.02,%/year,2010,"JRC, 01_JRC-EU-TIMES Full model, https://zenodo.org/records/3544900, file `SubRES_15_TECHS_HYDROGEN.xlsx`",,,
Solid biomass steam reforming,investment,2020,690.8,USD/kW,2010,"JRC, 01_JRC-EU-TIMES Full model, https://zenodo.org/records/3544900, file `SubRES_15_TECHS_HYDROGEN.xlsx`",,,
Biomass gasification,investment,2020,1716.3,USD/kW,2010,"JRC, 01_JRC-EU-TIMES Full model, https://zenodo.org/records/3544900, file `SubRES_15_TECHS_HYDROGEN.xlsx`",,,
Natural gas steam reforming CC,investment,2030,378.74,USD/kW,2010,"JRC, 01_JRC-EU-TIMES Full model, https://zenodo.org/records/3544900, file `SubRES_15_TECHS_HYDROGEN.xlsx`",,,
Natural gas steam reforming CC,investment,2030,378.74,USD/kW,2010,"JRC, 01_JRC-EU-TIMES Full model, https://zenodo.org/records/3544900, file `SubRES_15_TECHS_HYDROGEN.xlsx`",,,
Coal gasification CC,investment,2030,759.59,USD/kW,2010,"JRC, 01_JRC-EU-TIMES Full model, https://zenodo.org/records/3544900, file `SubRES_15_TECHS_HYDROGEN.xlsx`",,,
Biomass gasification CC,investment,2030,3526.14,USD/kW,2010,"JRC, 01_JRC-EU-TIMES Full model, https://zenodo.org/records/3544900, file `SubRES_15_TECHS_HYDROGEN.xlsx`",,,
Natural gas steam reforming,FOM,2020,0.05,%/year,2010,"JRC, 01_JRC-EU-TIMES Full model, https://zenodo.org/records/3544900, file `SubRES_15_TECHS_HYDROGEN.xlsx`",,,
Natural gas steam reforming,FOM,2030,0.05,%/year,2010,"JRC, 01_JRC-EU-TIMES Full model, https://zenodo.org/records/3544900, file `SubRES_15_TECHS_HYDROGEN.xlsx`",,,
Coal gasification,FOM,2020,0.06,%/year,2010,"JRC, 01_JRC-EU-TIMES Full model, https://zenodo.org/records/3544900, file `SubRES_15_TECHS_HYDROGEN.xlsx`",,,
Coal gasification,FOM,2030,0.06,%/year,2010,"JRC, 01_JRC-EU-TIMES Full model, https://zenodo.org/records/3544900, file `SubRES_15_TECHS_HYDROGEN.xlsx`",,,
Heavy oil partial oxidation,FOM,2020,0.05,%/year,2010,"JRC, 01_JRC-EU-TIMES Full model, https://zenodo.org/records/3544900, file `SubRES_15_TECHS_HYDROGEN.xlsx`",,,
Solid biomass steam reforming,efficiency,2020,0.712,p.u.,-,"JRC, 01_JRC-EU-TIMES Full model, https://zenodo.org/records/3544900, file `SubRES_15_TECHS_HYDROGEN.xlsx`",,,
Biomass gasification,efficiency,2020,0.35,p.u.,-,"JRC, 01_JRC-EU-TIMES Full model, https://zenodo.org/records/3544900, file `SubRES_15_TECHS_HYDROGEN.xlsx`",,,
Biomass gasification,efficiency,2050,0.525,p.u.,-,"JRC, 01_JRC-EU-TIMES Full model, https://zenodo.org/records/3544900, file `SubRES_15_TECHS_HYDROGEN.xlsx`",,,
Natural gas steam reforming CC,efficiency,2030,0.637,p.u.,-,"JRC, 01_JRC-EU-TIMES Full model, https://zenodo.org/records/3544900, file `SubRES_15_TECHS_HYDROGEN.xlsx`",,,
Natural gas steam reforming CC,efficiency,2050,0.695,p.u.,-,"JRC, 01_JRC-EU-TIMES Full model, https://zenodo.org/records/3544900, file `SubRES_15_TECHS_HYDROGEN.xlsx`",,,
Coal gasification CC,efficiency,2030,0.532,p.u.,-,"JRC, 01_JRC-EU-TIMES Full model, https://zenodo.org/records/3544900, file `SubRES_15_TECHS_HYDROGEN.xlsx`",,,
Coal gasification CC,efficiency,2030,0.609,p.u.,-,"JRC, 01_JRC-EU-TIMES Full model, https://zenodo.org/records/3544900, file `SubRES_15_TECHS_HYDROGEN.xlsx`",,,
Biomass gasification CC,efficiency,2030,0.328,p.u.,-,"JRC, 01_JRC-EU-TIMES Full model, https://zenodo.org/records/3544900, file `SubRES_15_TECHS_HYDROGEN.xlsx`",,,
Biomass gasification CC,efficiency,2040,0.514,p.u.,-,"JRC, 01_JRC-EU-TIMES Full model, https://zenodo.org/records/3544900, file `SubRES_15_TECHS_HYDROGEN.xlsx`",,,
Natural gas steam reforming,investment,2020,248.58,USD/kW,2010,"JRC, 01_JRC-EU-TIMES Full model, https://zenodo.org/records/3544900, file `SubRES_15_TECHS_HYDROGEN.xlsx`",,,
Natural gas steam reforming,investment,2030,210.55,USD/kW,2010,"JRC, 01_JRC-EU-TIMES Full model, https://zenodo.org/records/3544900, file `SubRES_15_TECHS_HYDROGEN.xlsx`",,,
Coal gasification,investment,2020,565.81,USD/kW,2010,"JRC, 01_JRC-EU-TIMES Full model, https://zenodo.org/records/3544900, file `SubRES_15_TECHS_HYDROGEN.xlsx`",,,
Coal gasification,investment,2030,466.83,USD/kW,2010,"JRC, 01_JRC-EU-TIMES Full model, https://zenodo.org/records/3544900, file `SubRES_15_TECHS_HYDROGEN.xlsx`",,,
Heavy oil partial oxidation,investment,2020,574.2,USD/kW,2010,"JRC, 01_JRC-EU-TIMES Full model, https://zenodo.org/records/3544900, file `SubRES_15_TECHS_HYDROGEN.xlsx`",,,
Alkaline electrolyzer,lifetime,2020,30,years,-,ICCT IRA e-fuels assumptions ,,,
PEM electrolyzer,lifetime,2020,30,years,-,ICCT IRA e-fuels assumptions ,,,
SOEC,lifetime,2020,30,years,-,ICCT IRA e-fuels assumptions ,,,
Alkaline electrolyzer,efficiency,2020,0.65,p.u.,-,ICCT IRA e-fuels assumptions ,,,
Alkaline electrolyzer,efficiency,2030,0.69,p.u.,-,ICCT IRA e-fuels assumptions ,,,
Alkaline electrolyzer,efficiency,2040,0.74,p.u.,-,ICCT IRA e-fuels assumptions ,,,
Alkaline electrolyzer,efficiency,2050,0.78,p.u.,-,ICCT IRA e-fuels assumptions ,,,
PEM electrolyzer,efficiency,2020,0.63,p.u.,-,ICCT IRA e-fuels assumptions ,,,
PEM electrolyzer,efficiency,2030,0.68,p.u.,-,ICCT IRA e-fuels assumptions ,,,
PEM electrolyzer,efficiency,2040,0.71,p.u.,-,ICCT IRA e-fuels assumptions ,,,
PEM electrolyzer,efficiency,2050,0.73,p.u.,-,ICCT IRA e-fuels assumptions ,,,
SOEC,efficiency,2020,0.82,p.u.,-,ICCT IRA e-fuels assumptions ,,,
SOEC,efficiency,2030,0.84,p.u.,-,ICCT IRA e-fuels assumptions ,,,
SOEC,efficiency,2040,0.87,p.u.,-,ICCT IRA e-fuels assumptions ,,,
SOEC,efficiency,2050,0.9,p.u.,-,ICCT IRA e-fuels assumptions ,,,
Alkaline electrolyzer,investment,2020,1471,USD/kW,2022,"ICCT IRA e-fuels assumptions, https://theicct.org/wp-content/uploads/2022/02/fuels-eu-cost-renew-H-produced-onsite-H-refueling-stations-europe-feb22.pdf adjusted according to DOE observations https://www.hydrogen.energy.gov/docs/hydrogenprogramlibraries/pdfs/24005-clean-hydrogen-production-cost-pem-electrolyzer.pdf?sfvrsn=8cb10889_1#:~:text=This%20Record%20shows%20that%20the,factors%20of%2050%2D75%25",Meaning of scenario and financial case: https://atb.nrel.gov/electricity/2024/definitions#scenarios,R&D,Moderate
Alkaline electrolyzer,investment,2030,1202,USD/kW,2022,"ICCT IRA e-fuels assumptions, https://theicct.org/wp-content/uploads/2022/02/fuels-eu-cost-renew-H-produced-onsite-H-refueling-stations-europe-feb22.pdf adjusted according to DOE observations https://www.hydrogen.energy.gov/docs/hydrogenprogramlibraries/pdfs/24005-clean-hydrogen-production-cost-pem-electrolyzer.pdf?sfvrsn=8cb10889_1#:~:text=This%20Record%20shows%20that%20the,factors%20of%2050%2D75%25",Meaning of scenario and financial case: https://atb.nrel.gov/electricity/2024/definitions#scenarios,R&D,Moderate
Alkaline electrolyzer,investment,2040,982,USD/kW,2022,"ICCT IRA e-fuels assumptions, https://theicct.org/wp-content/uploads/2022/02/fuels-eu-cost-renew-H-produced-onsite-H-refueling-stations-europe-feb22.pdf adjusted according to DOE observations https://www.hydrogen.energy.gov/docs/hydrogenprogramlibraries/pdfs/24005-clean-hydrogen-production-cost-pem-electrolyzer.pdf?sfvrsn=8cb10889_1#:~:text=This%20Record%20shows%20that%20the,factors%20of%2050%2D75%25",Meaning of scenario and financial case: https://atb.nrel.gov/electricity/2024/definitions#scenarios,R&D,Moderate
Alkaline electrolyzer,investment,2050,802,USD/kW,2022,"ICCT IRA e-fuels assumptions, https://theicct.org/wp-content/uploads/2022/02/fuels-eu-cost-renew-H-produced-onsite-H-refueling-stations-europe-feb22.pdf adjusted according to DOE observations https://www.hydrogen.energy.gov/docs/hydrogenprogramlibraries/pdfs/24005-clean-hydrogen-production-cost-pem-electrolyzer.pdf?sfvrsn=8cb10889_1#:~:text=This%20Record%20shows%20that%20the,factors%20of%2050%2D75%25",Meaning of scenario and financial case: https://atb.nrel.gov/electricity/2024/definitions#scenarios,R&D,Moderate
PEM electrolyzer,investment,2020,2399,USD/kW,2022,"ICCT IRA e-fuels assumptions, https://theicct.org/wp-content/uploads/2022/02/fuels-eu-cost-renew-H-produced-onsite-H-refueling-stations-europe-feb22.pdf adjusted according to DOE observations https://www.hydrogen.energy.gov/docs/hydrogenprogramlibraries/pdfs/24005-clean-hydrogen-production-cost-pem-electrolyzer.pdf?sfvrsn=8cb10889_1#:~:text=This%20Record%20shows%20that%20the,factors%20of%2050%2D75%25",Meaning of scenario and financial case: https://atb.nrel.gov/electricity/2024/definitions#scenarios,R&D,Moderate
PEM electrolyzer,investment,2030,1960,USD/kW,2022,"ICCT IRA e-fuels assumptions, https://theicct.org/wp-content/uploads/2022/02/fuels-eu-cost-renew-H-produced-onsite-H-refueling-stations-europe-feb22.pdf adjusted according to DOE observations https://www.hydrogen.energy.gov/docs/hydrogenprogramlibraries/pdfs/24005-clean-hydrogen-production-cost-pem-electrolyzer.pdf?sfvrsn=8cb10889_1#:~:text=This%20Record%20shows%20that%20the,factors%20of%2050%2D75%25",Meaning of scenario and financial case: https://atb.nrel.gov/electricity/2024/definitions#scenarios,R&D,Moderate
PEM electrolyzer,investment,2040,1602,USD/kW,2022,"ICCT IRA e-fuels assumptions, https://theicct.org/wp-content/uploads/2022/02/fuels-eu-cost-renew-H-produced-onsite-H-refueling-stations-europe-feb22.pdf adjusted according to DOE observations https://www.hydrogen.energy.gov/docs/hydrogenprogramlibraries/pdfs/24005-clean-hydrogen-production-cost-pem-electrolyzer.pdf?sfvrsn=8cb10889_1#:~:text=This%20Record%20shows%20that%20the,factors%20of%2050%2D75%25",Meaning of scenario and financial case: https://atb.nrel.gov/electricity/2024/definitions#scenarios,R&D,Moderate
PEM electrolyzer,investment,2050,1309,USD/kW,2022,"ICCT IRA e-fuels assumptions, https://theicct.org/wp-content/uploads/2022/02/fuels-eu-cost-renew-H-produced-onsite-H-refueling-stations-europe-feb22.pdf adjusted according to DOE observations https://www.hydrogen.energy.gov/docs/hydrogenprogramlibraries/pdfs/24005-clean-hydrogen-production-cost-pem-electrolyzer.pdf?sfvrsn=8cb10889_1#:~:text=This%20Record%20shows%20that%20the,factors%20of%2050%2D75%25",Meaning of scenario and financial case: https://atb.nrel.gov/electricity/2024/definitions#scenarios,R&D,Moderate
SOEC,investment,2020,2651,USD/kW,2022,"ICCT IRA e-fuels assumptions, https://theicct.org/wp-content/uploads/2022/02/fuels-eu-cost-renew-H-produced-onsite-H-refueling-stations-europe-feb22.pdf adjusted according to DOE observations https://www.hydrogen.energy.gov/docs/hydrogenprogramlibraries/pdfs/24005-clean-hydrogen-production-cost-pem-electrolyzer.pdf?sfvrsn=8cb10889_1#:~:text=This%20Record%20shows%20that%20the,factors%20of%2050%2D75%25",Meaning of scenario and financial case: https://atb.nrel.gov/electricity/2024/definitions#scenarios,R&D,Moderate
SOEC,investment,2030,2166,USD/kW,2022,"ICCT IRA e-fuels assumptions, https://theicct.org/wp-content/uploads/2022/02/fuels-eu-cost-renew-H-produced-onsite-H-refueling-stations-europe-feb22.pdf adjusted according to DOE observations https://www.hydrogen.energy.gov/docs/hydrogenprogramlibraries/pdfs/24005-clean-hydrogen-production-cost-pem-electrolyzer.pdf?sfvrsn=8cb10889_1#:~:text=This%20Record%20shows%20that%20the,factors%20of%2050%2D75%25",Meaning of scenario and financial case: https://atb.nrel.gov/electricity/2024/definitions#scenarios,R&D,Moderate
SOEC,investment,2040,1770,USD/kW,2022,"ICCT IRA e-fuels assumptions, https://theicct.org/wp-content/uploads/2022/02/fuels-eu-cost-renew-H-produced-onsite-H-refueling-stations-europe-feb22.pdf adjusted according to DOE observations https://www.hydrogen.energy.gov/docs/hydrogenprogramlibraries/pdfs/24005-clean-hydrogen-production-cost-pem-electrolyzer.pdf?sfvrsn=8cb10889_1#:~:text=This%20Record%20shows%20that%20the,factors%20of%2050%2D75%25",Meaning of scenario and financial case: https://atb.nrel.gov/electricity/2024/definitions#scenarios,R&D,Moderate
SOEC,investment,2050,1446,USD/kW,2022,"ICCT IRA e-fuels assumptions, https://theicct.org/wp-content/uploads/2022/02/fuels-eu-cost-renew-H-produced-onsite-H-refueling-stations-europe-feb22.pdf adjusted according to DOE observations https://www.hydrogen.energy.gov/docs/hydrogenprogramlibraries/pdfs/24005-clean-hydrogen-production-cost-pem-electrolyzer.pdf?sfvrsn=8cb10889_1#:~:text=This%20Record%20shows%20that%20the,factors%20of%2050%2D75%25",Meaning of scenario and financial case: https://atb.nrel.gov/electricity/2024/definitions#scenarios,R&D,Moderate
Alkaline electrolyzer,investment,2020,1471,USD/kW,2022,"ICCT IRA e-fuels assumptions, https://theicct.org/wp-content/uploads/2022/02/fuels-eu-cost-renew-H-produced-onsite-H-refueling-stations-europe-feb22.pdf adjusted according to DOE observations https://www.hydrogen.energy.gov/docs/hydrogenprogramlibraries/pdfs/24005-clean-hydrogen-production-cost-pem-electrolyzer.pdf?sfvrsn=8cb10889_1#:~:text=This%20Record%20shows%20that%20the,factors%20of%2050%2D75%25",Meaning of scenario and financial case: https://atb.nrel.gov/electricity/2024/definitions#scenarios,R&D,Conservative
Alkaline electrolyzer,investment,2030,1399,USD/kW,2022,"ICCT IRA e-fuels assumptions, https://theicct.org/wp-content/uploads/2022/02/fuels-eu-cost-renew-H-produced-onsite-H-refueling-stations-europe-feb22.pdf adjusted according to DOE observations https://www.hydrogen.energy.gov/docs/hydrogenprogramlibraries/pdfs/24005-clean-hydrogen-production-cost-pem-electrolyzer.pdf?sfvrsn=8cb10889_1#:~:text=This%20Record%20shows%20that%20the,factors%20of%2050%2D75%25",Meaning of scenario and financial case: https://atb.nrel.gov/electricity/2024/definitions#scenarios,R&D,Conservative
Alkaline electrolyzer,investment,2040,1331,USD/kW,2022,"ICCT IRA e-fuels assumptions, https://theicct.org/wp-content/uploads/2022/02/fuels-eu-cost-renew-H-produced-onsite-H-refueling-stations-europe-feb22.pdf adjusted according to DOE observations https://www.hydrogen.energy.gov/docs/hydrogenprogramlibraries/pdfs/24005-clean-hydrogen-production-cost-pem-electrolyzer.pdf?sfvrsn=8cb10889_1#:~:text=This%20Record%20shows%20that%20the,factors%20of%2050%2D75%25",Meaning of scenario and financial case: https://atb.nrel.gov/electricity/2024/definitions#scenarios,R&D,Conservative
Alkaline electrolyzer,investment,2050,1266,USD/kW,2022,"ICCT IRA e-fuels assumptions, https://theicct.org/wp-content/uploads/2022/02/fuels-eu-cost-renew-H-produced-onsite-H-refueling-stations-europe-feb22.pdf adjusted according to DOE observations https://www.hydrogen.energy.gov/docs/hydrogenprogramlibraries/pdfs/24005-clean-hydrogen-production-cost-pem-electrolyzer.pdf?sfvrsn=8cb10889_1#:~:text=This%20Record%20shows%20that%20the,factors%20of%2050%2D75%25",Meaning of scenario and financial case: https://atb.nrel.gov/electricity/2024/definitions#scenarios,R&D,Conservative
PEM electrolyzer,investment,2020,2399,USD/kW,2022,"ICCT IRA e-fuels assumptions, https://theicct.org/wp-content/uploads/2022/02/fuels-eu-cost-renew-H-produced-onsite-H-refueling-stations-europe-feb22.pdf adjusted according to DOE observations https://www.hydrogen.energy.gov/docs/hydrogenprogramlibraries/pdfs/24005-clean-hydrogen-production-cost-pem-electrolyzer.pdf?sfvrsn=8cb10889_1#:~:text=This%20Record%20shows%20that%20the,factors%20of%2050%2D75%25",Meaning of scenario and financial case: https://atb.nrel.gov/electricity/2024/definitions#scenarios,R&D,Conservative
PEM electrolyzer,investment,2030,1960,USD/kW,2022,"ICCT IRA e-fuels assumptions, https://theicct.org/wp-content/uploads/2022/02/fuels-eu-cost-renew-H-produced-onsite-H-refueling-stations-europe-feb22.pdf adjusted according to DOE observations https://www.hydrogen.energy.gov/docs/hydrogenprogramlibraries/pdfs/24005-clean-hydrogen-production-cost-pem-electrolyzer.pdf?sfvrsn=8cb10889_1#:~:text=This%20Record%20shows%20that%20the,factors%20of%2050%2D75%25",Meaning of scenario and financial case: https://atb.nrel.gov/electricity/2024/definitions#scenarios,R&D,Conservative
PEM electrolyzer,investment,2040,1602,USD/kW,2022,"ICCT IRA e-fuels assumptions, https://theicct.org/wp-content/uploads/2022/02/fuels-eu-cost-renew-H-produced-onsite-H-refueling-stations-europe-feb22.pdf adjusted according to DOE observations https://www.hydrogen.energy.gov/docs/hydrogenprogramlibraries/pdfs/24005-clean-hydrogen-production-cost-pem-electrolyzer.pdf?sfvrsn=8cb10889_1#:~:text=This%20Record%20shows%20that%20the,factors%20of%2050%2D75%25",Meaning of scenario and financial case: https://atb.nrel.gov/electricity/2024/definitions#scenarios,R&D,Conservative
PEM electrolyzer,investment,2050,1309,USD/kW,2022,"ICCT IRA e-fuels assumptions, https://theicct.org/wp-content/uploads/2022/02/fuels-eu-cost-renew-H-produced-onsite-H-refueling-stations-europe-feb22.pdf adjusted according to DOE observations https://www.hydrogen.energy.gov/docs/hydrogenprogramlibraries/pdfs/24005-clean-hydrogen-production-cost-pem-electrolyzer.pdf?sfvrsn=8cb10889_1#:~:text=This%20Record%20shows%20that%20the,factors%20of%2050%2D75%25",Meaning of scenario and financial case: https://atb.nrel.gov/electricity/2024/definitions#scenarios,R&D,Conservative
SOEC,investment,2020,2651,USD/kW,2022,"ICCT IRA e-fuels assumptions, https://theicct.org/wp-content/uploads/2022/02/fuels-eu-cost-renew-H-produced-onsite-H-refueling-stations-europe-feb22.pdf adjusted according to DOE observations https://www.hydrogen.energy.gov/docs/hydrogenprogramlibraries/pdfs/24005-clean-hydrogen-production-cost-pem-electrolyzer.pdf?sfvrsn=8cb10889_1#:~:text=This%20Record%20shows%20that%20the,factors%20of%2050%2D75%25",Meaning of scenario and financial case: https://atb.nrel.gov/electricity/2024/definitions#scenarios,R&D,Conservative
SOEC,investment,2030,2521,USD/kW,2022,"ICCT IRA e-fuels assumptions, https://theicct.org/wp-content/uploads/2022/02/fuels-eu-cost-renew-H-produced-onsite-H-refueling-stations-europe-feb22.pdf adjusted according to DOE observations https://www.hydrogen.energy.gov/docs/hydrogenprogramlibraries/pdfs/24005-clean-hydrogen-production-cost-pem-electrolyzer.pdf?sfvrsn=8cb10889_1#:~:text=This%20Record%20shows%20that%20the,factors%20of%2050%2D75%25",Meaning of scenario and financial case: https://atb.nrel.gov/electricity/2024/definitions#scenarios,R&D,Conservative
SOEC,investment,2040,2398,USD/kW,2022,"ICCT IRA e-fuels assumptions, https://theicct.org/wp-content/uploads/2022/02/fuels-eu-cost-renew-H-produced-onsite-H-refueling-stations-europe-feb22.pdf adjusted according to DOE observations https://www.hydrogen.energy.gov/docs/hydrogenprogramlibraries/pdfs/24005-clean-hydrogen-production-cost-pem-electrolyzer.pdf?sfvrsn=8cb10889_1#:~:text=This%20Record%20shows%20that%20the,factors%20of%2050%2D75%25",Meaning of scenario and financial case: https://atb.nrel.gov/electricity/2024/definitions#scenarios,R&D,Conservative
SOEC,investment,2050,2281,USD/kW,2022,"ICCT IRA e-fuels assumptions, https://theicct.org/wp-content/uploads/2022/02/fuels-eu-cost-renew-H-produced-onsite-H-refueling-stations-europe-feb22.pdf adjusted according to DOE observations https://www.hydrogen.energy.gov/docs/hydrogenprogramlibraries/pdfs/24005-clean-hydrogen-production-cost-pem-electrolyzer.pdf?sfvrsn=8cb10889_1#:~:text=This%20Record%20shows%20that%20the,factors%20of%2050%2D75%25",Meaning of scenario and financial case: https://atb.nrel.gov/electricity/2024/definitions#scenarios,R&D,Conservative
Alkaline electrolyzer,investment,2020,1471,USD/kW,2022,"ICCT IRA e-fuels assumptions, https://theicct.org/wp-content/uploads/2022/02/fuels-eu-cost-renew-H-produced-onsite-H-refueling-stations-europe-feb22.pdf adjusted according to DOE observations https://www.hydrogen.energy.gov/docs/hydrogenprogramlibraries/pdfs/24005-clean-hydrogen-production-cost-pem-electrolyzer.pdf?sfvrsn=8cb10889_1#:~:text=This%20Record%20shows%20that%20the,factors%20of%2050%2D75%25",Meaning of scenario and financial case: https://atb.nrel.gov/electricity/2024/definitions#scenarios,R&D,Advanced
Alkaline electrolyzer,investment,2030,1142,USD/kW,2022,"ICCT IRA e-fuels assumptions, https://theicct.org/wp-content/uploads/2022/02/fuels-eu-cost-renew-H-produced-onsite-H-refueling-stations-europe-feb22.pdf adjusted according to DOE observations https://www.hydrogen.energy.gov/docs/hydrogenprogramlibraries/pdfs/24005-clean-hydrogen-production-cost-pem-electrolyzer.pdf?sfvrsn=8cb10889_1#:~:text=This%20Record%20shows%20that%20the,factors%20of%2050%2D75%25",Meaning of scenario and financial case: https://atb.nrel.gov/electricity/2024/definitions#scenarios,R&D,Advanced
Alkaline electrolyzer,investment,2040,886,USD/kW,2022,"ICCT IRA e-fuels assumptions, https://theicct.org/wp-content/uploads/2022/02/fuels-eu-cost-renew-H-produced-onsite-H-refueling-stations-europe-feb22.pdf adjusted according to DOE observations https://www.hydrogen.energy.gov/docs/hydrogenprogramlibraries/pdfs/24005-clean-hydrogen-production-cost-pem-electrolyzer.pdf?sfvrsn=8cb10889_1#:~:text=This%20Record%20shows%20that%20the,factors%20of%2050%2D75%25",Meaning of scenario and financial case: https://atb.nrel.gov/electricity/2024/definitions#scenarios,R&D,Advanced
Alkaline electrolyzer,investment,2050,688,USD/kW,2022,"ICCT IRA e-fuels assumptions, https://theicct.org/wp-content/uploads/2022/02/fuels-eu-cost-renew-H-produced-onsite-H-refueling-stations-europe-feb22.pdf adjusted according to DOE observations https://www.hydrogen.energy.gov/docs/hydrogenprogramlibraries/pdfs/24005-clean-hydrogen-production-cost-pem-electrolyzer.pdf?sfvrsn=8cb10889_1#:~:text=This%20Record%20shows%20that%20the,factors%20of%2050%2D75%25",Meaning of scenario and financial case: https://atb.nrel.gov/electricity/2024/definitions#scenarios,R&D,Advanced
PEM electrolyzer,investment,2020,2399,USD/kW,2022,"ICCT IRA e-fuels assumptions, https://theicct.org/wp-content/uploads/2022/02/fuels-eu-cost-renew-H-produced-onsite-H-refueling-stations-europe-feb22.pdf adjusted according to DOE observations https://www.hydrogen.energy.gov/docs/hydrogenprogramlibraries/pdfs/24005-clean-hydrogen-production-cost-pem-electrolyzer.pdf?sfvrsn=8cb10889_1#:~:text=This%20Record%20shows%20that%20the,factors%20of%2050%2D75%25",Meaning of scenario and financial case: https://atb.nrel.gov/electricity/2024/definitions#scenarios,R&D,Advanced
PEM electrolyzer,investment,2030,1862,USD/kW,2022,"ICCT IRA e-fuels assumptions, https://theicct.org/wp-content/uploads/2022/02/fuels-eu-cost-renew-H-produced-onsite-H-refueling-stations-europe-feb22.pdf adjusted according to DOE observations https://www.hydrogen.energy.gov/docs/hydrogenprogramlibraries/pdfs/24005-clean-hydrogen-production-cost-pem-electrolyzer.pdf?sfvrsn=8cb10889_1#:~:text=This%20Record%20shows%20that%20the,factors%20of%2050%2D75%25",Meaning of scenario and financial case: https://atb.nrel.gov/electricity/2024/definitions#scenarios,R&D,Advanced
PEM electrolyzer,investment,2040,1446,USD/kW,2022,"ICCT IRA e-fuels assumptions, https://theicct.org/wp-content/uploads/2022/02/fuels-eu-cost-renew-H-produced-onsite-H-refueling-stations-europe-feb22.pdf adjusted according to DOE observations https://www.hydrogen.energy.gov/docs/hydrogenprogramlibraries/pdfs/24005-clean-hydrogen-production-cost-pem-electrolyzer.pdf?sfvrsn=8cb10889_1#:~:text=This%20Record%20shows%20that%20the,factors%20of%2050%2D75%25",Meaning of scenario and financial case: https://atb.nrel.gov/electricity/2024/definitions#scenarios,R&D,Advanced
PEM electrolyzer,investment,2050,1122,USD/kW,2022,"ICCT IRA e-fuels assumptions, https://theicct.org/wp-content/uploads/2022/02/fuels-eu-cost-renew-H-produced-onsite-H-refueling-stations-europe-feb22.pdf adjusted according to DOE observations https://www.hydrogen.energy.gov/docs/hydrogenprogramlibraries/pdfs/24005-clean-hydrogen-production-cost-pem-electrolyzer.pdf?sfvrsn=8cb10889_1#:~:text=This%20Record%20shows%20that%20the,factors%20of%2050%2D75%25",Meaning of scenario and financial case: https://atb.nrel.gov/electricity/2024/definitions#scenarios,R&D,Advanced
SOEC,investment,2020,2651,USD/kW,2022,"ICCT IRA e-fuels assumptions, https://theicct.org/wp-content/uploads/2022/02/fuels-eu-cost-renew-H-produced-onsite-H-refueling-stations-europe-feb22.pdf adjusted according to DOE observations https://www.hydrogen.energy.gov/docs/hydrogenprogramlibraries/pdfs/24005-clean-hydrogen-production-cost-pem-electrolyzer.pdf?sfvrsn=8cb10889_1#:~:text=This%20Record%20shows%20that%20the,factors%20of%2050%2D75%25",Meaning of scenario and financial case: https://atb.nrel.gov/electricity/2024/definitions#scenarios,R&D,Advanced
SOEC,investment,2030,2058,USD/kW,2022,"ICCT IRA e-fuels assumptions, https://theicct.org/wp-content/uploads/2022/02/fuels-eu-cost-renew-H-produced-onsite-H-refueling-stations-europe-feb22.pdf adjusted according to DOE observations https://www.hydrogen.energy.gov/docs/hydrogenprogramlibraries/pdfs/24005-clean-hydrogen-production-cost-pem-electrolyzer.pdf?sfvrsn=8cb10889_1#:~:text=This%20Record%20shows%20that%20the,factors%20of%2050%2D75%25",Meaning of scenario and financial case: https://atb.nrel.gov/electricity/2024/definitions#scenarios,R&D,Advanced
SOEC,investment,2040,1597,USD/kW,2022,"ICCT IRA e-fuels assumptions, https://theicct.org/wp-content/uploads/2022/02/fuels-eu-cost-renew-H-produced-onsite-H-refueling-stations-europe-feb22.pdf adjusted according to DOE observations https://www.hydrogen.energy.gov/docs/hydrogenprogramlibraries/pdfs/24005-clean-hydrogen-production-cost-pem-electrolyzer.pdf?sfvrsn=8cb10889_1#:~:text=This%20Record%20shows%20that%20the,factors%20of%2050%2D75%25",Meaning of scenario and financial case: https://atb.nrel.gov/electricity/2024/definitions#scenarios,R&D,Advanced
SOEC,investment,2050,1240,USD/kW,2022,"ICCT IRA e-fuels assumptions, https://theicct.org/wp-content/uploads/2022/02/fuels-eu-cost-renew-H-produced-onsite-H-refueling-stations-europe-feb22.pdf adjusted according to DOE observations https://www.hydrogen.energy.gov/docs/hydrogenprogramlibraries/pdfs/24005-clean-hydrogen-production-cost-pem-electrolyzer.pdf?sfvrsn=8cb10889_1#:~:text=This%20Record%20shows%20that%20the,factors%20of%2050%2D75%25",Meaning of scenario and financial case: https://atb.nrel.gov/electricity/2024/definitions#scenarios,R&D,Advanced
Alkaline electrolyzer,investment,2020,1471,USD/kW,2022,"ICCT IRA e-fuels assumptions, https://theicct.org/wp-content/uploads/2022/02/fuels-eu-cost-renew-H-produced-onsite-H-refueling-stations-europe-feb22.pdf adjusted according to DOE observations https://www.hydrogen.energy.gov/docs/hydrogenprogramlibraries/pdfs/24005-clean-hydrogen-production-cost-pem-electrolyzer.pdf?sfvrsn=8cb10889_1#:~:text=This%20Record%20shows%20that%20the,factors%20of%2050%2D75%25",Meaning of scenario and financial case: https://atb.nrel.gov/electricity/2024/definitions#scenarios,Market,Moderate
Alkaline electrolyzer,investment,2030,1202,USD/kW,2022,"ICCT IRA e-fuels assumptions, https://theicct.org/wp-content/uploads/2022/02/fuels-eu-cost-renew-H-produced-onsite-H-refueling-stations-europe-feb22.pdf adjusted according to DOE observations https://www.hydrogen.energy.gov/docs/hydrogenprogramlibraries/pdfs/24005-clean-hydrogen-production-cost-pem-electrolyzer.pdf?sfvrsn=8cb10889_1#:~:text=This%20Record%20shows%20that%20the,factors%20of%2050%2D75%25",Meaning of scenario and financial case: https://atb.nrel.gov/electricity/2024/definitions#scenarios,Market,Moderate
Alkaline electrolyzer,investment,2040,982,USD/kW,2022,"ICCT IRA e-fuels assumptions, https://theicct.org/wp-content/uploads/2022/02/fuels-eu-cost-renew-H-produced-onsite-H-refueling-stations-europe-feb22.pdf adjusted according to DOE observations https://www.hydrogen.energy.gov/docs/hydrogenprogramlibraries/pdfs/24005-clean-hydrogen-production-cost-pem-electrolyzer.pdf?sfvrsn=8cb10889_1#:~:text=This%20Record%20shows%20that%20the,factors%20of%2050%2D75%25",Meaning of scenario and financial case: https://atb.nrel.gov/electricity/2024/definitions#scenarios,Market,Moderate
Alkaline electrolyzer,investment,2050,802,USD/kW,2022,"ICCT IRA e-fuels assumptions, https://theicct.org/wp-content/uploads/2022/02/fuels-eu-cost-renew-H-produced-onsite-H-refueling-stations-europe-feb22.pdf adjusted according to DOE observations https://www.hydrogen.energy.gov/docs/hydrogenprogramlibraries/pdfs/24005-clean-hydrogen-production-cost-pem-electrolyzer.pdf?sfvrsn=8cb10889_1#:~:text=This%20Record%20shows%20that%20the,factors%20of%2050%2D75%25",Meaning of scenario and financial case: https://atb.nrel.gov/electricity/2024/definitions#scenarios,Market,Moderate
PEM electrolyzer,investment,2020,2399,USD/kW,2022,"ICCT IRA e-fuels assumptions, https://theicct.org/wp-content/uploads/2022/02/fuels-eu-cost-renew-H-produced-onsite-H-refueling-stations-europe-feb22.pdf adjusted according to DOE observations https://www.hydrogen.energy.gov/docs/hydrogenprogramlibraries/pdfs/24005-clean-hydrogen-production-cost-pem-electrolyzer.pdf?sfvrsn=8cb10889_1#:~:text=This%20Record%20shows%20that%20the,factors%20of%2050%2D75%25",Meaning of scenario and financial case: https://atb.nrel.gov/electricity/2024/definitions#scenarios,Market,Moderate
PEM electrolyzer,investment,2030,1960,USD/kW,2022,"ICCT IRA e-fuels assumptions, https://theicct.org/wp-content/uploads/2022/02/fuels-eu-cost-renew-H-produced-onsite-H-refueling-stations-europe-feb22.pdf adjusted according to DOE observations https://www.hydrogen.energy.gov/docs/hydrogenprogramlibraries/pdfs/24005-clean-hydrogen-production-cost-pem-electrolyzer.pdf?sfvrsn=8cb10889_1#:~:text=This%20Record%20shows%20that%20the,factors%20of%2050%2D75%25",Meaning of scenario and financial case: https://atb.nrel.gov/electricity/2024/definitions#scenarios,Market,Moderate
PEM electrolyzer,investment,2040,1602,USD/kW,2022,"ICCT IRA e-fuels assumptions, https://theicct.org/wp-content/uploads/2022/02/fuels-eu-cost-renew-H-produced-onsite-H-refueling-stations-europe-feb22.pdf adjusted according to DOE observations https://www.hydrogen.energy.gov/docs/hydrogenprogramlibraries/pdfs/24005-clean-hydrogen-production-cost-pem-electrolyzer.pdf?sfvrsn=8cb10889_1#:~:text=This%20Record%20shows%20that%20the,factors%20of%2050%2D75%25",Meaning of scenario and financial case: https://atb.nrel.gov/electricity/2024/definitions#scenarios,Market,Moderate
PEM electrolyzer,investment,2050,1309,USD/kW,2022,"ICCT IRA e-fuels assumptions, https://theicct.org/wp-content/uploads/2022/02/fuels-eu-cost-renew-H-produced-onsite-H-refueling-stations-europe-feb22.pdf adjusted according to DOE observations https://www.hydrogen.energy.gov/docs/hydrogenprogramlibraries/pdfs/24005-clean-hydrogen-production-cost-pem-electrolyzer.pdf?sfvrsn=8cb10889_1#:~:text=This%20Record%20shows%20that%20the,factors%20of%2050%2D75%25",Meaning of scenario and financial case: https://atb.nrel.gov/electricity/2024/definitions#scenarios,Market,Moderate
SOEC,investment,2020,2651,USD/kW,2022,"ICCT IRA e-fuels assumptions, https://theicct.org/wp-content/uploads/2022/02/fuels-eu-cost-renew-H-produced-onsite-H-refueling-stations-europe-feb22.pdf adjusted according to DOE observations https://www.hydrogen.energy.gov/docs/hydrogenprogramlibraries/pdfs/24005-clean-hydrogen-production-cost-pem-electrolyzer.pdf?sfvrsn=8cb10889_1#:~:text=This%20Record%20shows%20that%20the,factors%20of%2050%2D75%25",Meaning of scenario and financial case: https://atb.nrel.gov/electricity/2024/definitions#scenarios,Market,Moderate
SOEC,investment,2030,2166,USD/kW,2022,"ICCT IRA e-fuels assumptions, https://theicct.org/wp-content/uploads/2022/02/fuels-eu-cost-renew-H-produced-onsite-H-refueling-stations-europe-feb22.pdf adjusted according to DOE observations https://www.hydrogen.energy.gov/docs/hydrogenprogramlibraries/pdfs/24005-clean-hydrogen-production-cost-pem-electrolyzer.pdf?sfvrsn=8cb10889_1#:~:text=This%20Record%20shows%20that%20the,factors%20of%2050%2D75%25",Meaning of scenario and financial case: https://atb.nrel.gov/electricity/2024/definitions#scenarios,Market,Moderate
SOEC,investment,2040,1770,USD/kW,2022,"ICCT IRA e-fuels assumptions, https://theicct.org/wp-content/uploads/2022/02/fuels-eu-cost-renew-H-produced-onsite-H-refueling-stations-europe-feb22.pdf adjusted according to DOE observations https://www.hydrogen.energy.gov/docs/hydrogenprogramlibraries/pdfs/24005-clean-hydrogen-production-cost-pem-electrolyzer.pdf?sfvrsn=8cb10889_1#:~:text=This%20Record%20shows%20that%20the,factors%20of%2050%2D75%25",Meaning of scenario and financial case: https://atb.nrel.gov/electricity/2024/definitions#scenarios,Market,Moderate
SOEC,investment,2050,1446,USD/kW,2022,"ICCT IRA e-fuels assumptions, https://theicct.org/wp-content/uploads/2022/02/fuels-eu-cost-renew-H-produced-onsite-H-refueling-stations-europe-feb22.pdf adjusted according to DOE observations https://www.hydrogen.energy.gov/docs/hydrogenprogramlibraries/pdfs/24005-clean-hydrogen-production-cost-pem-electrolyzer.pdf?sfvrsn=8cb10889_1#:~:text=This%20Record%20shows%20that%20the,factors%20of%2050%2D75%25",Meaning of scenario and financial case: https://atb.nrel.gov/electricity/2024/definitions#scenarios,Market,Moderate
Alkaline electrolyzer,investment,2020,1471,USD/kW,2022,"ICCT IRA e-fuels assumptions, https://theicct.org/wp-content/uploads/2022/02/fuels-eu-cost-renew-H-produced-onsite-H-refueling-stations-europe-feb22.pdf adjusted according to DOE observations https://www.hydrogen.energy.gov/docs/hydrogenprogramlibraries/pdfs/24005-clean-hydrogen-production-cost-pem-electrolyzer.pdf?sfvrsn=8cb10889_1#:~:text=This%20Record%20shows%20that%20the,factors%20of%2050%2D75%25",Meaning of scenario and financial case: https://atb.nrel.gov/electricity/2024/definitions#scenarios,Market,Conservative
Alkaline electrolyzer,investment,2030,1399,USD/kW,2022,"ICCT IRA e-fuels assumptions, https://theicct.org/wp-content/uploads/2022/02/fuels-eu-cost-renew-H-produced-onsite-H-refueling-stations-europe-feb22.pdf adjusted according to DOE observations https://www.hydrogen.energy.gov/docs/hydrogenprogramlibraries/pdfs/24005-clean-hydrogen-production-cost-pem-electrolyzer.pdf?sfvrsn=8cb10889_1#:~:text=This%20Record%20shows%20that%20the,factors%20of%2050%2D75%25",Meaning of scenario and financial case: https://atb.nrel.gov/electricity/2024/definitions#scenarios,Market,Conservative
Alkaline electrolyzer,investment,2040,1331,USD/kW,2022,"ICCT IRA e-fuels assumptions, https://theicct.org/wp-content/uploads/2022/02/fuels-eu-cost-renew-H-produced-onsite-H-refueling-stations-europe-feb22.pdf adjusted according to DOE observations https://www.hydrogen.energy.gov/docs/hydrogenprogramlibraries/pdfs/24005-clean-hydrogen-production-cost-pem-electrolyzer.pdf?sfvrsn=8cb10889_1#:~:text=This%20Record%20shows%20that%20the,factors%20of%2050%2D75%25",Meaning of scenario and financial case: https://atb.nrel.gov/electricity/2024/definitions#scenarios,Market,Conservative
Alkaline electrolyzer,investment,2050,1266,USD/kW,2022,"ICCT IRA e-fuels assumptions, https://theicct.org/wp-content/uploads/2022/02/fuels-eu-cost-renew-H-produced-onsite-H-refueling-stations-europe-feb22.pdf adjusted according to DOE observations https://www.hydrogen.energy.gov/docs/hydrogenprogramlibraries/pdfs/24005-clean-hydrogen-production-cost-pem-electrolyzer.pdf?sfvrsn=8cb10889_1#:~:text=This%20Record%20shows%20that%20the,factors%20of%2050%2D75%25",Meaning of scenario and financial case: https://atb.nrel.gov/electricity/2024/definitions#scenarios,Market,Conservative
PEM electrolyzer,investment,2020,2399,USD/kW,2022,"ICCT IRA e-fuels assumptions, https://theicct.org/wp-content/uploads/2022/02/fuels-eu-cost-renew-H-produced-onsite-H-refueling-stations-europe-feb22.pdf adjusted according to DOE observations https://www.hydrogen.energy.gov/docs/hydrogenprogramlibraries/pdfs/24005-clean-hydrogen-production-cost-pem-electrolyzer.pdf?sfvrsn=8cb10889_1#:~:text=This%20Record%20shows%20that%20the,factors%20of%2050%2D75%25",Meaning of scenario and financial case: https://atb.nrel.gov/electricity/2024/definitions#scenarios,Market,Conservative
PEM electrolyzer,investment,2030,1960,USD/kW,2022,"ICCT IRA e-fuels assumptions, https://theicct.org/wp-content/uploads/2022/02/fuels-eu-cost-renew-H-produced-onsite-H-refueling-stations-europe-feb22.pdf adjusted according to DOE observations https://www.hydrogen.energy.gov/docs/hydrogenprogramlibraries/pdfs/24005-clean-hydrogen-production-cost-pem-electrolyzer.pdf?sfvrsn=8cb10889_1#:~:text=This%20Record%20shows%20that%20the,factors%20of%2050%2D75%25",Meaning of scenario and financial case: https://atb.nrel.gov/electricity/2024/definitions#scenarios,Market,Conservative
PEM electrolyzer,investment,2040,1602,USD/kW,2022,"ICCT IRA e-fuels assumptions, https://theicct.org/wp-content/uploads/2022/02/fuels-eu-cost-renew-H-produced-onsite-H-refueling-stations-europe-feb22.pdf adjusted according to DOE observations https://www.hydrogen.energy.gov/docs/hydrogenprogramlibraries/pdfs/24005-clean-hydrogen-production-cost-pem-electrolyzer.pdf?sfvrsn=8cb10889_1#:~:text=This%20Record%20shows%20that%20the,factors%20of%2050%2D75%25",Meaning of scenario and financial case: https://atb.nrel.gov/electricity/2024/definitions#scenarios,Market,Conservative
PEM electrolyzer,investment,2050,1309,USD/kW,2022,"ICCT IRA e-fuels assumptions, https://theicct.org/wp-content/uploads/2022/02/fuels-eu-cost-renew-H-produced-onsite-H-refueling-stations-europe-feb22.pdf adjusted according to DOE observations https://www.hydrogen.energy.gov/docs/hydrogenprogramlibraries/pdfs/24005-clean-hydrogen-production-cost-pem-electrolyzer.pdf?sfvrsn=8cb10889_1#:~:text=This%20Record%20shows%20that%20the,factors%20of%2050%2D75%25",Meaning of scenario and financial case: https://atb.nrel.gov/electricity/2024/definitions#scenarios,Market,Conservative
SOEC,investment,2020,2651,USD/kW,2022,"ICCT IRA e-fuels assumptions, https://theicct.org/wp-content/uploads/2022/02/fuels-eu-cost-renew-H-produced-onsite-H-refueling-stations-europe-feb22.pdf adjusted according to DOE observations https://www.hydrogen.energy.gov/docs/hydrogenprogramlibraries/pdfs/24005-clean-hydrogen-production-cost-pem-electrolyzer.pdf?sfvrsn=8cb10889_1#:~:text=This%20Record%20shows%20that%20the,factors%20of%2050%2D75%25",Meaning of scenario and financial case: https://atb.nrel.gov/electricity/2024/definitions#scenarios,Market,Conservative
SOEC,investment,2030,2521,USD/kW,2022,"ICCT IRA e-fuels assumptions, https://theicct.org/wp-content/uploads/2022/02/fuels-eu-cost-renew-H-produced-onsite-H-refueling-stations-europe-feb22.pdf adjusted according to DOE observations https://www.hydrogen.energy.gov/docs/hydrogenprogramlibraries/pdfs/24005-clean-hydrogen-production-cost-pem-electrolyzer.pdf?sfvrsn=8cb10889_1#:~:text=This%20Record%20shows%20that%20the,factors%20of%2050%2D75%25",Meaning of scenario and financial case: https://atb.nrel.gov/electricity/2024/definitions#scenarios,Market,Conservative
SOEC,investment,2040,2398,USD/kW,2022,"ICCT IRA e-fuels assumptions, https://theicct.org/wp-content/uploads/2022/02/fuels-eu-cost-renew-H-produced-onsite-H-refueling-stations-europe-feb22.pdf adjusted according to DOE observations https://www.hydrogen.energy.gov/docs/hydrogenprogramlibraries/pdfs/24005-clean-hydrogen-production-cost-pem-electrolyzer.pdf?sfvrsn=8cb10889_1#:~:text=This%20Record%20shows%20that%20the,factors%20of%2050%2D75%25",Meaning of scenario and financial case: https://atb.nrel.gov/electricity/2024/definitions#scenarios,Market,Conservative
SOEC,investment,2050,2281,USD/kW,2022,"ICCT IRA e-fuels assumptions, https://theicct.org/wp-content/uploads/2022/02/fuels-eu-cost-renew-H-produced-onsite-H-refueling-stations-europe-feb22.pdf adjusted according to DOE observations https://www.hydrogen.energy.gov/docs/hydrogenprogramlibraries/pdfs/24005-clean-hydrogen-production-cost-pem-electrolyzer.pdf?sfvrsn=8cb10889_1#:~:text=This%20Record%20shows%20that%20the,factors%20of%2050%2D75%25",Meaning of scenario and financial case: https://atb.nrel.gov/electricity/2024/definitions#scenarios,Market,Conservative
Alkaline electrolyzer,investment,2020,1471,USD/kW,2022,"ICCT IRA e-fuels assumptions, https://theicct.org/wp-content/uploads/2022/02/fuels-eu-cost-renew-H-produced-onsite-H-refueling-stations-europe-feb22.pdf adjusted according to DOE observations https://www.hydrogen.energy.gov/docs/hydrogenprogramlibraries/pdfs/24005-clean-hydrogen-production-cost-pem-electrolyzer.pdf?sfvrsn=8cb10889_1#:~:text=This%20Record%20shows%20that%20the,factors%20of%2050%2D75%25",Meaning of scenario and financial case: https://atb.nrel.gov/electricity/2024/definitions#scenarios,Market,Advanced
Alkaline electrolyzer,investment,2030,1142,USD/kW,2022,"ICCT IRA e-fuels assumptions, https://theicct.org/wp-content/uploads/2022/02/fuels-eu-cost-renew-H-produced-onsite-H-refueling-stations-europe-feb22.pdf adjusted according to DOE observations https://www.hydrogen.energy.gov/docs/hydrogenprogramlibraries/pdfs/24005-clean-hydrogen-production-cost-pem-electrolyzer.pdf?sfvrsn=8cb10889_1#:~:text=This%20Record%20shows%20that%20the,factors%20of%2050%2D75%25",Meaning of scenario and financial case: https://atb.nrel.gov/electricity/2024/definitions#scenarios,Market,Advanced
Alkaline electrolyzer,investment,2040,886,USD/kW,2022,"ICCT IRA e-fuels assumptions, https://theicct.org/wp-content/uploads/2022/02/fuels-eu-cost-renew-H-produced-onsite-H-refueling-stations-europe-feb22.pdf adjusted according to DOE observations https://www.hydrogen.energy.gov/docs/hydrogenprogramlibraries/pdfs/24005-clean-hydrogen-production-cost-pem-electrolyzer.pdf?sfvrsn=8cb10889_1#:~:text=This%20Record%20shows%20that%20the,factors%20of%2050%2D75%25",Meaning of scenario and financial case: https://atb.nrel.gov/electricity/2024/definitions#scenarios,Market,Advanced
Alkaline electrolyzer,investment,2050,688,USD/kW,2022,"ICCT IRA e-fuels assumptions, https://theicct.org/wp-content/uploads/2022/02/fuels-eu-cost-renew-H-produced-onsite-H-refueling-stations-europe-feb22.pdf adjusted according to DOE observations https://www.hydrogen.energy.gov/docs/hydrogenprogramlibraries/pdfs/24005-clean-hydrogen-production-cost-pem-electrolyzer.pdf?sfvrsn=8cb10889_1#:~:text=This%20Record%20shows%20that%20the,factors%20of%2050%2D75%25",Meaning of scenario and financial case: https://atb.nrel.gov/electricity/2024/definitions#scenarios,Market,Advanced
PEM electrolyzer,investment,2020,2399,USD/kW,2022,"ICCT IRA e-fuels assumptions, https://theicct.org/wp-content/uploads/2022/02/fuels-eu-cost-renew-H-produced-onsite-H-refueling-stations-europe-feb22.pdf adjusted according to DOE observations https://www.hydrogen.energy.gov/docs/hydrogenprogramlibraries/pdfs/24005-clean-hydrogen-production-cost-pem-electrolyzer.pdf?sfvrsn=8cb10889_1#:~:text=This%20Record%20shows%20that%20the,factors%20of%2050%2D75%25",Meaning of scenario and financial case: https://atb.nrel.gov/electricity/2024/definitions#scenarios,Market,Advanced
PEM electrolyzer,investment,2030,1862,USD/kW,2022,"ICCT IRA e-fuels assumptions, https://theicct.org/wp-content/uploads/2022/02/fuels-eu-cost-renew-H-produced-onsite-H-refueling-stations-europe-feb22.pdf adjusted according to DOE observations https://www.hydrogen.energy.gov/docs/hydrogenprogramlibraries/pdfs/24005-clean-hydrogen-production-cost-pem-electrolyzer.pdf?sfvrsn=8cb10889_1#:~:text=This%20Record%20shows%20that%20the,factors%20of%2050%2D75%25",Meaning of scenario and financial case: https://atb.nrel.gov/electricity/2024/definitions#scenarios,Market,Advanced
PEM electrolyzer,investment,2040,1446,USD/kW,2022,"ICCT IRA e-fuels assumptions, https://theicct.org/wp-content/uploads/2022/02/fuels-eu-cost-renew-H-produced-onsite-H-refueling-stations-europe-feb22.pdf adjusted according to DOE observations https://www.hydrogen.energy.gov/docs/hydrogenprogramlibraries/pdfs/24005-clean-hydrogen-production-cost-pem-electrolyzer.pdf?sfvrsn=8cb10889_1#:~:text=This%20Record%20shows%20that%20the,factors%20of%2050%2D75%25",Meaning of scenario and financial case: https://atb.nrel.gov/electricity/2024/definitions#scenarios,Market,Advanced
PEM electrolyzer,investment,2050,1122,USD/kW,2022,"ICCT IRA e-fuels assumptions, https://theicct.org/wp-content/uploads/2022/02/fuels-eu-cost-renew-H-produced-onsite-H-refueling-stations-europe-feb22.pdf adjusted according to DOE observations https://www.hydrogen.energy.gov/docs/hydrogenprogramlibraries/pdfs/24005-clean-hydrogen-production-cost-pem-electrolyzer.pdf?sfvrsn=8cb10889_1#:~:text=This%20Record%20shows%20that%20the,factors%20of%2050%2D75%25",Meaning of scenario and financial case: https://atb.nrel.gov/electricity/2024/definitions#scenarios,Market,Advanced
SOEC,investment,2020,2651,USD/kW,2022,"ICCT IRA e-fuels assumptions, https://theicct.org/wp-content/uploads/2022/02/fuels-eu-cost-renew-H-produced-onsite-H-refueling-stations-europe-feb22.pdf adjusted according to DOE observations https://www.hydrogen.energy.gov/docs/hydrogenprogramlibraries/pdfs/24005-clean-hydrogen-production-cost-pem-electrolyzer.pdf?sfvrsn=8cb10889_1#:~:text=This%20Record%20shows%20that%20the,factors%20of%2050%2D75%25",Meaning of scenario and financial case: https://atb.nrel.gov/electricity/2024/definitions#scenarios,Market,Advanced
SOEC,investment,2030,2058,USD/kW,2022,"ICCT IRA e-fuels assumptions, https://theicct.org/wp-content/uploads/2022/02/fuels-eu-cost-renew-H-produced-onsite-H-refueling-stations-europe-feb22.pdf adjusted according to DOE observations https://www.hydrogen.energy.gov/docs/hydrogenprogramlibraries/pdfs/24005-clean-hydrogen-production-cost-pem-electrolyzer.pdf?sfvrsn=8cb10889_1#:~:text=This%20Record%20shows%20that%20the,factors%20of%2050%2D75%25",Meaning of scenario and financial case: https://atb.nrel.gov/electricity/2024/definitions#scenarios,Market,Advanced
SOEC,investment,2040,1597,USD/kW,2022,"ICCT IRA e-fuels assumptions, https://theicct.org/wp-content/uploads/2022/02/fuels-eu-cost-renew-H-produced-onsite-H-refueling-stations-europe-feb22.pdf adjusted according to DOE observations https://www.hydrogen.energy.gov/docs/hydrogenprogramlibraries/pdfs/24005-clean-hydrogen-production-cost-pem-electrolyzer.pdf?sfvrsn=8cb10889_1#:~:text=This%20Record%20shows%20that%20the,factors%20of%2050%2D75%25",Meaning of scenario and financial case: https://atb.nrel.gov/electricity/2024/definitions#scenarios,Market,Advanced
SOEC,investment,2050,1240,USD/kW,2022,"ICCT IRA e-fuels assumptions, https://theicct.org/wp-content/uploads/2022/02/fuels-eu-cost-renew-H-produced-onsite-H-refueling-stations-europe-feb22.pdf adjusted according to DOE observations https://www.hydrogen.energy.gov/docs/hydrogenprogramlibraries/pdfs/24005-clean-hydrogen-production-cost-pem-electrolyzer.pdf?sfvrsn=8cb10889_1#:~:text=This%20Record%20shows%20that%20the,factors%20of%2050%2D75%25",Meaning of scenario and financial case: https://atb.nrel.gov/electricity/2024/definitions#scenarios,Market,Advanced
Alkaline electrolyzer,FOM,2020,0.04,%/year,2022,ICCT IRA e-fuels assumptions ,Meaning of scenario and financial case: https://atb.nrel.gov/electricity/2024/definitions#scenarios,R&D,Moderate
Alkaline electrolyzer,FOM,2030,0.04,%/year,2022,ICCT IRA e-fuels assumptions ,Meaning of scenario and financial case: https://atb.nrel.gov/electricity/2024/definitions#scenarios,R&D,Moderate
Alkaline electrolyzer,FOM,2050,0.04,%/year,2022,ICCT IRA e-fuels assumptions ,Meaning of scenario and financial case: https://atb.nrel.gov/electricity/2024/definitions#scenarios,R&D,Moderate
PEM electrolyzer,FOM,2020,0.04,%/year,2022,ICCT IRA e-fuels assumptions ,Meaning of scenario and financial case: https://atb.nrel.gov/electricity/2024/definitions#scenarios,R&D,Moderate
PEM electrolyzer,FOM,2030,0.04,%/year,2022,ICCT IRA e-fuels assumptions ,Meaning of scenario and financial case: https://atb.nrel.gov/electricity/2024/definitions#scenarios,R&D,Moderate
PEM electrolyzer,FOM,2050,0.04,%/year,2022,ICCT IRA e-fuels assumptions ,Meaning of scenario and financial case: https://atb.nrel.gov/electricity/2024/definitions#scenarios,R&D,Moderate
SOEC,FOM,2020,0.04,%/year,2022,ICCT IRA e-fuels assumptions ,Meaning of scenario and financial case: https://atb.nrel.gov/electricity/2024/definitions#scenarios,R&D,Moderate
SOEC,FOM,2030,0.04,%/year,2022,ICCT IRA e-fuels assumptions ,Meaning of scenario and financial case: https://atb.nrel.gov/electricity/2024/definitions#scenarios,R&D,Moderate
SOEC,FOM,2050,0.04,%/year,2022,ICCT IRA e-fuels assumptions ,Meaning of scenario and financial case: https://atb.nrel.gov/electricity/2024/definitions#scenarios,R&D,Moderate
Alkaline electrolyzer,FOM,2020,0.04,%/year,2022,ICCT IRA e-fuels assumptions ,Meaning of scenario and financial case: https://atb.nrel.gov/electricity/2024/definitions#scenarios,R&D,Conservative
Alkaline electrolyzer,FOM,2030,0.04,%/year,2022,ICCT IRA e-fuels assumptions ,Meaning of scenario and financial case: https://atb.nrel.gov/electricity/2024/definitions#scenarios,R&D,Conservative
Alkaline electrolyzer,FOM,2050,0.04,%/year,2022,ICCT IRA e-fuels assumptions ,Meaning of scenario and financial case: https://atb.nrel.gov/electricity/2024/definitions#scenarios,R&D,Conservative
PEM electrolyzer,FOM,2020,0.04,%/year,2022,ICCT IRA e-fuels assumptions ,Meaning of scenario and financial case: https://atb.nrel.gov/electricity/2024/definitions#scenarios,R&D,Conservative
PEM electrolyzer,FOM,2030,0.04,%/year,2022,ICCT IRA e-fuels assumptions ,Meaning of scenario and financial case: https://atb.nrel.gov/electricity/2024/definitions#scenarios,R&D,Conservative
PEM electrolyzer,FOM,2050,0.04,%/year,2022,ICCT IRA e-fuels assumptions ,Meaning of scenario and financial case: https://atb.nrel.gov/electricity/2024/definitions#scenarios,R&D,Conservative
SOEC,FOM,2020,0.04,%/year,2022,ICCT IRA e-fuels assumptions ,Meaning of scenario and financial case: https://atb.nrel.gov/electricity/2024/definitions#scenarios,R&D,Conservative
SOEC,FOM,2030,0.04,%/year,2022,ICCT IRA e-fuels assumptions ,Meaning of scenario and financial case: https://atb.nrel.gov/electricity/2024/definitions#scenarios,R&D,Conservative
SOEC,FOM,2050,0.04,%/year,2022,ICCT IRA e-fuels assumptions ,Meaning of scenario and financial case: https://atb.nrel.gov/electricity/2024/definitions#scenarios,R&D,Conservative
Alkaline electrolyzer,FOM,2020,0.04,%/year,2022,ICCT IRA e-fuels assumptions ,Meaning of scenario and financial case: https://atb.nrel.gov/electricity/2024/definitions#scenarios,R&D,Advanced
Alkaline electrolyzer,FOM,2030,0.04,%/year,2022,ICCT IRA e-fuels assumptions ,Meaning of scenario and financial case: https://atb.nrel.gov/electricity/2024/definitions#scenarios,R&D,Advanced
Alkaline electrolyzer,FOM,2050,0.04,%/year,2022,ICCT IRA e-fuels assumptions ,Meaning of scenario and financial case: https://atb.nrel.gov/electricity/2024/definitions#scenarios,R&D,Advanced
PEM electrolyzer,FOM,2020,0.04,%/year,2022,ICCT IRA e-fuels assumptions ,Meaning of scenario and financial case: https://atb.nrel.gov/electricity/2024/definitions#scenarios,R&D,Advanced
PEM electrolyzer,FOM,2030,0.04,%/year,2022,ICCT IRA e-fuels assumptions ,Meaning of scenario and financial case: https://atb.nrel.gov/electricity/2024/definitions#scenarios,R&D,Advanced
PEM electrolyzer,FOM,2050,0.04,%/year,2022,ICCT IRA e-fuels assumptions ,Meaning of scenario and financial case: https://atb.nrel.gov/electricity/2024/definitions#scenarios,R&D,Advanced
SOEC,FOM,2020,0.04,%/year,2022,ICCT IRA e-fuels assumptions ,Meaning of scenario and financial case: https://atb.nrel.gov/electricity/2024/definitions#scenarios,R&D,Advanced
SOEC,FOM,2030,0.04,%/year,2022,ICCT IRA e-fuels assumptions ,Meaning of scenario and financial case: https://atb.nrel.gov/electricity/2024/definitions#scenarios,R&D,Advanced
SOEC,FOM,2050,0.04,%/year,2022,ICCT IRA e-fuels assumptions ,Meaning of scenario and financial case: https://atb.nrel.gov/electricity/2024/definitions#scenarios,R&D,Advanced
Alkaline electrolyzer,FOM,2020,0.04,%/year,2022,ICCT IRA e-fuels assumptions ,Meaning of scenario and financial case: https://atb.nrel.gov/electricity/2024/definitions#scenarios,Market,Moderate
Alkaline electrolyzer,FOM,2030,0.04,%/year,2022,ICCT IRA e-fuels assumptions ,Meaning of scenario and financial case: https://atb.nrel.gov/electricity/2024/definitions#scenarios,Market,Moderate
Alkaline electrolyzer,FOM,2050,0.04,%/year,2022,ICCT IRA e-fuels assumptions ,Meaning of scenario and financial case: https://atb.nrel.gov/electricity/2024/definitions#scenarios,Market,Moderate
PEM electrolyzer,FOM,2020,0.04,%/year,2022,ICCT IRA e-fuels assumptions ,Meaning of scenario and financial case: https://atb.nrel.gov/electricity/2024/definitions#scenarios,Market,Moderate
PEM electrolyzer,FOM,2030,0.04,%/year,2022,ICCT IRA e-fuels assumptions ,Meaning of scenario and financial case: https://atb.nrel.gov/electricity/2024/definitions#scenarios,Market,Moderate
PEM electrolyzer,FOM,2050,0.04,%/year,2022,ICCT IRA e-fuels assumptions ,Meaning of scenario and financial case: https://atb.nrel.gov/electricity/2024/definitions#scenarios,Market,Moderate
SOEC,FOM,2020,0.04,%/year,2022,ICCT IRA e-fuels assumptions ,Meaning of scenario and financial case: https://atb.nrel.gov/electricity/2024/definitions#scenarios,Market,Moderate
SOEC,FOM,2030,0.04,%/year,2022,ICCT IRA e-fuels assumptions ,Meaning of scenario and financial case: https://atb.nrel.gov/electricity/2024/definitions#scenarios,Market,Moderate
SOEC,FOM,2050,0.04,%/year,2022,ICCT IRA e-fuels assumptions ,Meaning of scenario and financial case: https://atb.nrel.gov/electricity/2024/definitions#scenarios,Market,Moderate
Alkaline electrolyzer,FOM,2020,0.04,%/year,2022,ICCT IRA e-fuels assumptions ,Meaning of scenario and financial case: https://atb.nrel.gov/electricity/2024/definitions#scenarios,Market,Conservative
Alkaline electrolyzer,FOM,2030,0.04,%/year,2022,ICCT IRA e-fuels assumptions ,Meaning of scenario and financial case: https://atb.nrel.gov/electricity/2024/definitions#scenarios,Market,Conservative
Alkaline electrolyzer,FOM,2050,0.04,%/year,2022,ICCT IRA e-fuels assumptions ,Meaning of scenario and financial case: https://atb.nrel.gov/electricity/2024/definitions#scenarios,Market,Conservative
PEM electrolyzer,FOM,2020,0.04,%/year,2022,ICCT IRA e-fuels assumptions ,Meaning of scenario and financial case: https://atb.nrel.gov/electricity/2024/definitions#scenarios,Market,Conservative
PEM electrolyzer,FOM,2030,0.04,%/year,2022,ICCT IRA e-fuels assumptions ,Meaning of scenario and financial case: https://atb.nrel.gov/electricity/2024/definitions#scenarios,Market,Conservative
PEM electrolyzer,FOM,2050,0.04,%/year,2022,ICCT IRA e-fuels assumptions ,Meaning of scenario and financial case: https://atb.nrel.gov/electricity/2024/definitions#scenarios,Market,Conservative
SOEC,FOM,2020,0.04,%/year,2022,ICCT IRA e-fuels assumptions ,Meaning of scenario and financial case: https://atb.nrel.gov/electricity/2024/definitions#scenarios,Market,Conservative
SOEC,FOM,2030,0.04,%/year,2022,ICCT IRA e-fuels assumptions ,Meaning of scenario and financial case: https://atb.nrel.gov/electricity/2024/definitions#scenarios,Market,Conservative
SOEC,FOM,2050,0.04,%/year,2022,ICCT IRA e-fuels assumptions ,Meaning of scenario and financial case: https://atb.nrel.gov/electricity/2024/definitions#scenarios,Market,Conservative
Alkaline electrolyzer,FOM,2020,0.04,%/year,2022,ICCT IRA e-fuels assumptions ,Meaning of scenario and financial case: https://atb.nrel.gov/electricity/2024/definitions#scenarios,Market,Advanced
Alkaline electrolyzer,FOM,2030,0.04,%/year,2022,ICCT IRA e-fuels assumptions ,Meaning of scenario and financial case: https://atb.nrel.gov/electricity/2024/definitions#scenarios,Market,Advanced
Alkaline electrolyzer,FOM,2050,0.04,%/year,2022,ICCT IRA e-fuels assumptions ,Meaning of scenario and financial case: https://atb.nrel.gov/electricity/2024/definitions#scenarios,Market,Advanced
PEM electrolyzer,FOM,2020,0.04,%/year,2022,ICCT IRA e-fuels assumptions ,Meaning of scenario and financial case: https://atb.nrel.gov/electricity/2024/definitions#scenarios,Market,Advanced
PEM electrolyzer,FOM,2030,0.04,%/year,2022,ICCT IRA e-fuels assumptions ,Meaning of scenario and financial case: https://atb.nrel.gov/electricity/2024/definitions#scenarios,Market,Advanced
PEM electrolyzer,FOM,2050,0.04,%/year,2022,ICCT IRA e-fuels assumptions ,Meaning of scenario and financial case: https://atb.nrel.gov/electricity/2024/definitions#scenarios,Market,Advanced
SOEC,FOM,2020,0.04,%/year,2022,ICCT IRA e-fuels assumptions ,Meaning of scenario and financial case: https://atb.nrel.gov/electricity/2024/definitions#scenarios,Market,Advanced
SOEC,FOM,2030,0.04,%/year,2022,ICCT IRA e-fuels assumptions ,Meaning of scenario and financial case: https://atb.nrel.gov/electricity/2024/definitions#scenarios,Market,Advanced
SOEC,FOM,2050,0.04,%/year,2022,ICCT IRA e-fuels assumptions ,Meaning of scenario and financial case: https://atb.nrel.gov/electricity/2024/definitions#scenarios,Market,Advanced
