technology,parameter,value,unit,source,further description
CCGT,FOM,3.25,%/year,"Technology Data DEA, technology_data_for_el_and_dh_-_0009.xlsx","05 Gas turb. CC, steam extract.:  Fixed O&M"
CCGT,VOM,0.004,EUR/kWh,"Technology Data DEA, technology_data_for_el_and_dh_-_0009.xlsx","05 Gas turb. CC, steam extract.:  Variable O&M"
CCGT,c_b,2.2,50oC/100oC,"Technology Data DEA, technology_data_for_el_and_dh_-_0009.xlsx","05 Gas turb. CC, steam extract.:  Cb coefficient"
CCGT,c_v,0.15,50oC/100oC,"Technology Data DEA, technology_data_for_el_and_dh_-_0009.xlsx","05 Gas turb. CC, steam extract.:  Cv coefficient"
CCGT,efficiency,0.6,per unit,"Technology Data DEA, technology_data_for_el_and_dh_-_0009.xlsx","05 Gas turb. CC, steam extract.:  Electricity efficiency, annual average"
CCGT,fixed,26.0,EUR/kW/year,"Technology Data DEA, technology_data_for_el_and_dh_-_0009.xlsx","05 Gas turb. CC, steam extract.:  Fixed O&M"
CCGT,investment,800.0,EUR/kW,"Technology Data DEA, technology_data_for_el_and_dh_-_0009.xlsx","05 Gas turb. CC, steam extract.:  Nominal investment"
CCGT,lifetime,25.0,years,"Technology Data DEA, technology_data_for_el_and_dh_-_0009.xlsx","05 Gas turb. CC, steam extract.:  Technical lifetime"
DAC,FOM,4.0,%/year,Fasihi, from old pypsa cost assumptions
DAC,investment,250.0,EUR/(tCO2/a),Fasihi doi:10.3390/su9020306/Climeworks, from old pypsa cost assumptions
DAC,lifetime,30.0,years,Fasihi, from old pypsa cost assumptions
Fischer-Tropsch,FOM,3.0,%/year,doi:10.3390/su9020306, from old pypsa cost assumptions
Fischer-Tropsch,efficiency,0.8,per unit,TODO, from old pypsa cost assumptions
Fischer-Tropsch,investment,677.6,EUR/kWH2,Fasihi doi:10.3390/su9020306 (60 kEUR/bpd = 847 EUR/kWL (1b = 1.7 MWh) 847*0.8 = 677.6), from old pypsa cost assumptions
Fischer-Tropsch,lifetime,30.0,years,doi:10.3390/su9020306, from old pypsa cost assumptions
H2 pipeline,FOM,3.0,%/year,TODO, from old pypsa cost assumptions
H2 pipeline,investment,267.0,EUR/MW/km,Welder et al https://doi.org/10.1016/j.ijhydene.2018.12.156, from old pypsa cost assumptions
H2 pipeline,lifetime,40.0,years,TODO, from old pypsa cost assumptions
HVAC overhead,FOM,2.0,%/year,Hagspiel, from old pypsa cost assumptions
HVAC overhead,investment,400.0,EUR/MW/km,Hagspiel, from old pypsa cost assumptions
HVAC overhead,lifetime,40.0,years,Hagspiel, from old pypsa cost assumptions
HVDC inverter pair,FOM,2.0,%/year,Hagspiel, from old pypsa cost assumptions
HVDC inverter pair,investment,150000.0,EUR/MW,Hagspiel, from old pypsa cost assumptions
HVDC inverter pair,lifetime,40.0,years,Hagspiel, from old pypsa cost assumptions
HVDC overhead,FOM,2.0,%/year,Hagspiel, from old pypsa cost assumptions
HVDC overhead,investment,400.0,EUR/MW/km,Hagspiel, from old pypsa cost assumptions
HVDC overhead,lifetime,40.0,years,Hagspiel, from old pypsa cost assumptions
HVDC submarine,FOM,2.0,%/year,Hagspiel, from old pypsa cost assumptions
HVDC submarine,investment,2000.0,EUR/MW/km,Own analysis of European submarine HVDC projects since 2000, from old pypsa cost assumptions
HVDC submarine,lifetime,40.0,years,Hagspiel, from old pypsa cost assumptions
OCGT,FOM,1.8022921522921522,%/year,"Technology Data DEA, technology_data_for_el_and_dh_-_0009.xlsx",52 OCGT - Natural gas:  Fixed O&M
OCGT,VOM,0.0045,EUR/kWh,"Technology Data DEA, technology_data_for_el_and_dh_-_0009.xlsx",52 OCGT - Natural gas:  Variable O&M
OCGT,efficiency,0.43,per unit,"Technology Data DEA, technology_data_for_el_and_dh_-_0009.xlsx","52 OCGT - Natural gas:  Electricity efficiency, annual average"
OCGT,fixed,7.422560000000001,EUR/kW/year,"Technology Data DEA, technology_data_for_el_and_dh_-_0009.xlsx",52 OCGT - Natural gas:  Fixed O&M
OCGT,investment,411.84000000000003,EUR/kW,"Technology Data DEA, technology_data_for_el_and_dh_-_0009.xlsx",52 OCGT - Natural gas:  Specific investment
OCGT,lifetime,25.0,years,"Technology Data DEA, technology_data_for_el_and_dh_-_0009.xlsx",52 OCGT - Natural gas:  Technical lifetime
PHS,FOM,1.0,%/year,DIW DataDoc http://hdl.handle.net/10419/80348, from old pypsa cost assumptions
PHS,efficiency,0.75,per unit,DIW DataDoc http://hdl.handle.net/10419/80348, from old pypsa cost assumptions
PHS,investment,2208.1616064,EUR/kWel,DIW DataDoc http://hdl.handle.net/10419/80348, from old pypsa cost assumptions
PHS,lifetime,80.0,years,IEA2010, from old pypsa cost assumptions
SMR,FOM,5.4,%/year,https://www.gov.uk/government/publications/hydrogen-supply-chain-evidence-base; slide 42 assumption for 2030, from old pypsa cost assumptions
SMR,efficiency,0.74,per unit,https://www.gov.uk/government/publications/hydrogen-supply-chain-evidence-base; slide 42 assumption for 2030, from old pypsa cost assumptions
SMR,investment,540.56,EUR/kWCH4,https://www.gov.uk/government/publications/hydrogen-supply-chain-evidence-base; slide 42 assumption for 2030; GBP 466 exchange 1.16, from old pypsa cost assumptions
SMR,lifetime,25.0,years,TODO, from old pypsa cost assumptions
SMR CCS,FOM,5.4,%/year,https://www.gov.uk/government/publications/hydrogen-supply-chain-evidence-base; slide 42 assumption for 2030, from old pypsa cost assumptions
SMR CCS,efficiency,0.67,per unit,https://www.gov.uk/government/publications/hydrogen-supply-chain-evidence-base; slide 42 assumption for 2030; CCS uses 10% of gas, from old pypsa cost assumptions
SMR CCS,investment,1032.0,EUR/kWCH4,https://www.gov.uk/government/publications/hydrogen-supply-chain-evidence-base; slide 42 assumption for 2030; GBP 466 exchange 1.16; CCS costed at 300 EUR/tCO2/a, from old pypsa cost assumptions
SMR CCS,lifetime,25.0,years,TODO, from old pypsa cost assumptions
battery inverter,FOM,0.3375,%/year,"Technology Data DEA, technology_data_catalogue_for_energy_storage.xlsx",:  Fixed O&M
battery inverter,efficiency,0.9797958971132712,per unit,"Technology Data DEA, technology_data_catalogue_for_energy_storage.xlsx",:  efficiency sqr(DC round trip)
battery inverter,fixed,0.54,EUR/kW/year,"Technology Data DEA, technology_data_catalogue_for_energy_storage.xlsx",:  Fixed O&M
battery inverter,investment,160.0,EUR/kW,"Technology Data DEA, technology_data_catalogue_for_energy_storage.xlsx",:  Output capacity expansion cost investment
battery inverter,lifetime,25.0,years,"Technology Data DEA, technology_data_catalogue_for_energy_storage.xlsx",:  Technical lifetime
battery storage,investment,142.0,EUR/kWh,"Technology Data DEA, technology_data_catalogue_for_energy_storage.xlsx",:  Energy storage expansion cost investment
battery storage,lifetime,25.0,years,"Technology Data DEA, technology_data_catalogue_for_energy_storage.xlsx",:  Technical lifetime
biogas,fuel,59.0,EUR/MWhth,JRC and Zappa, from old pypsa cost assumptions
biogas upgrading,FOM,2.507288629737609,%/year,"Technology Data DEA, data_sheets_for_renewable_fuels_-_0003.xlsx","82 Biogas, upgrading:  Fixed O&M "
biogas upgrading,VOM,0.0036826880641925783,EUR/kWh input,"Technology Data DEA, data_sheets_for_renewable_fuels_-_0003.xlsx","82 Biogas, upgrading:  Variable O&M"
biogas upgrading,fixed,8.6,EUR/kW input/year,"Technology Data DEA, data_sheets_for_renewable_fuels_-_0003.xlsx","82 Biogas, upgrading:  Fixed O&M "
biogas upgrading,investment,343.0,EUR/kW input,"Technology Data DEA, data_sheets_for_renewable_fuels_-_0003.xlsx","82 Biogas, upgrading:  investment (upgrading, methane redution and grid injection)"
biogas upgrading,lifetime,15.0,years,"Technology Data DEA, data_sheets_for_renewable_fuels_-_0003.xlsx","82 Biogas, upgrading:  Technical lifetime"
biomass,FOM,4.526935,%/year,DIW DataDoc http://hdl.handle.net/10419/80348, from old pypsa cost assumptions
biomass,efficiency,0.46799999999999997,per unit,DIW DataDoc http://hdl.handle.net/10419/80348, from old pypsa cost assumptions
biomass,fuel,7.0,EUR/MWhth,IEA2011b, from old pypsa cost assumptions
biomass,investment,2209.0,EUR/kWel,DIW DataDoc http://hdl.handle.net/10419/80348, from old pypsa cost assumptions
biomass,lifetime,30.0,years,ECF2010 in DIW DataDoc http://hdl.handle.net/10419/80348, from old pypsa cost assumptions
biomass CHP,FOM,3.536793563555174,%/year,"Technology Data DEA, technology_data_for_el_and_dh_-_0009.xlsx","09c Straw, Large, 40 degree:  Fixed O&M"
biomass CHP,VOM,0.0020997526395684202,EUR/kWh_e,"Technology Data DEA, technology_data_for_el_and_dh_-_0009.xlsx","09c Straw, Large, 40 degree:  Variable O&M "
biomass CHP,c_b,0.4564331712641999,40°C/80°C,"Technology Data DEA, technology_data_for_el_and_dh_-_0009.xlsx","09c Straw, Large, 40 degree:  Cb coefficient"
biomass CHP,c_v,1.0,40°C/80°C,"Technology Data DEA, technology_data_for_el_and_dh_-_0009.xlsx","09c Straw, Large, 40 degree:  Cv coefficient"
biomass CHP,efficiency,0.30028039963947395,per unit,"Technology Data DEA, technology_data_for_el_and_dh_-_0009.xlsx","09c Straw, Large, 40 degree:  Electricity efficiency, net, annual average"
biomass CHP,efficiency-heat,70.83144413766142,%,"Technology Data DEA, technology_data_for_el_and_dh_-_0009.xlsx","09c Straw, Large, 40 degree:  Heat efficiency, net, annual average"
biomass CHP,fixed,103.0,EUR/kW_e/year,"Technology Data DEA, technology_data_for_el_and_dh_-_0009.xlsx","09c Straw, Large, 40 degree:  Fixed O&M"
biomass CHP,investment,2912.2423502847796,EUR/kW_e,"Technology Data DEA, technology_data_for_el_and_dh_-_0009.xlsx","09c Straw, Large, 40 degree:  Nominal investment "
biomass CHP,lifetime,25.0,years,"Technology Data DEA, technology_data_for_el_and_dh_-_0009.xlsx","09c Straw, Large, 40 degree:  Technical lifetime"
biomass EOP,FOM,3.536793563555174,%/year,"Technology Data DEA, technology_data_for_el_and_dh_-_0009.xlsx","09c Straw, Large, 40 degree:  Fixed O&M"
biomass EOP,VOM,0.0020997526395684202,EUR/kWh_e,"Technology Data DEA, technology_data_for_el_and_dh_-_0009.xlsx","09c Straw, Large, 40 degree:  Variable O&M "
biomass EOP,c_b,0.4564331712641999,40°C/80°C,"Technology Data DEA, technology_data_for_el_and_dh_-_0009.xlsx","09c Straw, Large, 40 degree:  Cb coefficient"
biomass EOP,c_v,1.0,40°C/80°C,"Technology Data DEA, technology_data_for_el_and_dh_-_0009.xlsx","09c Straw, Large, 40 degree:  Cv coefficient"
biomass EOP,efficiency,0.30028039963947395,per unit,"Technology Data DEA, technology_data_for_el_and_dh_-_0009.xlsx","09c Straw, Large, 40 degree:  Electricity efficiency, net, annual average"
biomass EOP,efficiency-heat,70.83144413766142,%,"Technology Data DEA, technology_data_for_el_and_dh_-_0009.xlsx","09c Straw, Large, 40 degree:  Heat efficiency, net, annual average"
biomass EOP,fixed,103.0,EUR/kW_e/year,"Technology Data DEA, technology_data_for_el_and_dh_-_0009.xlsx","09c Straw, Large, 40 degree:  Fixed O&M"
biomass EOP,investment,2912.2423502847796,EUR/kW_e,"Technology Data DEA, technology_data_for_el_and_dh_-_0009.xlsx","09c Straw, Large, 40 degree:  Nominal investment "
biomass EOP,lifetime,25.0,years,"Technology Data DEA, technology_data_for_el_and_dh_-_0009.xlsx","09c Straw, Large, 40 degree:  Technical lifetime"
biomass HOP,FOM,5.695686894014392,%/year,"Technology Data DEA, technology_data_for_el_and_dh_-_0009.xlsx","09c Straw HOP:  Fixed O&M, heat output"
biomass HOP,VOM,0.003118942636631654,EUR/kWh,"Technology Data DEA, technology_data_for_el_and_dh_-_0009.xlsx",09c Straw HOP:  Variable O&M heat output
biomass HOP,efficiency,0.03,per unit,"Technology Data DEA, technology_data_for_el_and_dh_-_0009.xlsx","09c Straw HOP:  Total efficiency , net, annual average"
biomass HOP,fixed,42.9,EUR/kW_th/year,"Technology Data DEA, technology_data_for_el_and_dh_-_0009.xlsx","09c Straw HOP:  Fixed O&M, heat output"
biomass HOP,investment,753.2015154323826,EUR/kW_th - heat output,"Technology Data DEA, technology_data_for_el_and_dh_-_0009.xlsx",09c Straw HOP:  Nominal investment 
biomass HOP,lifetime,25.0,years,"Technology Data DEA, technology_data_for_el_and_dh_-_0009.xlsx",09c Straw HOP:  Technical lifetime
central air-sourced heat pump,FOM,0.23357753144259666,%/year,"Technology Data DEA, technology_data_for_el_and_dh_-_0009.xlsx","40 Comp. hp, airsource 3 MW:  Fixed O&M"
central air-sourced heat pump,VOM,0.00267,EUR/kWh_th,"Technology Data DEA, technology_data_for_el_and_dh_-_0009.xlsx","40 Comp. hp, airsource 3 MW:  Variable O&M"
central air-sourced heat pump,efficiency,3.7,per unit,"Technology Data DEA, technology_data_for_el_and_dh_-_0009.xlsx","40 Comp. hp, airsource 3 MW:  Total efficiency , net, annual average"
central air-sourced heat pump,fixed,2.0,EUR/kW_th/year,"Technology Data DEA, technology_data_for_el_and_dh_-_0009.xlsx","40 Comp. hp, airsource 3 MW:  Fixed O&M"
central air-sourced heat pump,investment,856.2467407065282,EUR/kW_th,"Technology Data DEA, technology_data_for_el_and_dh_-_0009.xlsx","40 Comp. hp, airsource 3 MW:  Specific investment"
central air-sourced heat pump,lifetime,25.0,years,"Technology Data DEA, technology_data_for_el_and_dh_-_0009.xlsx","40 Comp. hp, airsource 3 MW:  Technical lifetime"
central coal CHP,FOM,1.631578947368421,%/year,"Technology Data DEA, technology_data_for_el_and_dh_-_0009.xlsx",01 Coal CHP:  Fixed O&M
central coal CHP,VOM,0.002722755704882392,EUR/kWh,"Technology Data DEA, technology_data_for_el_and_dh_-_0009.xlsx",01 Coal CHP:  Variable O&M
central coal CHP,c_b,0.0,50oC/100oC,"Technology Data DEA, technology_data_for_el_and_dh_-_0009.xlsx",01 Coal CHP:  Cb coefficient
central coal CHP,c_v,0.0,50oC/100oC,"Technology Data DEA, technology_data_for_el_and_dh_-_0009.xlsx",01 Coal CHP:  Cv coefficient
central coal CHP,efficiency,0.535,per unit,"Technology Data DEA, technology_data_for_el_and_dh_-_0009.xlsx","01 Coal CHP:  Electricity efficiency, condensation mode, net"
central coal CHP,fixed,29.105319603915223,EUR/kW/year,"Technology Data DEA, technology_data_for_el_and_dh_-_0009.xlsx",01 Coal CHP:  Fixed O&M
central coal CHP,investment,1783.8744273367397,EUR/kW,"Technology Data DEA, technology_data_for_el_and_dh_-_0009.xlsx",01 Coal CHP:  Nominal investment
central coal CHP,lifetime,25.0,years,"Technology Data DEA, technology_data_for_el_and_dh_-_0009.xlsx",01 Coal CHP:  Technical lifetime
central gas CHP,FOM,3.4615384615384617,%/year,"Technology Data DEA, technology_data_for_el_and_dh_-_0009.xlsx","04 Gas turb. simple cycle, L:  Fixed O&M"
central gas CHP,VOM,0.004,EUR/kWh,"Technology Data DEA, technology_data_for_el_and_dh_-_0009.xlsx","04 Gas turb. simple cycle, L:  Variable O&M"
central gas CHP,c_b,1.0,50oC/100oC,"Technology Data DEA, technology_data_for_el_and_dh_-_0009.xlsx","04 Gas turb. simple cycle, L:  Cb coefficient"
central gas CHP,efficiency,0.43,per unit,"Technology Data DEA, technology_data_for_el_and_dh_-_0009.xlsx","04 Gas turb. simple cycle, L:  Electricity efficiency, annual average"
central gas CHP,fixed,18.0,EUR/kW/year,"Technology Data DEA, technology_data_for_el_and_dh_-_0009.xlsx","04 Gas turb. simple cycle, L:  Fixed O&M"
central gas CHP,investment,520.0,EUR/kW,"Technology Data DEA, technology_data_for_el_and_dh_-_0009.xlsx","04 Gas turb. simple cycle, L:  Nominal investment"
central gas CHP,lifetime,25.0,years,"Technology Data DEA, technology_data_for_el_and_dh_-_0009.xlsx","04 Gas turb. simple cycle, L:  Technical lifetime"
central gas CHP CCS,FOM,3.4615384615384617,%/year,"Technology Data DEA, technology_data_for_el_and_dh_-_0009.xlsx","04 Gas turb. simple cycle, L:  Fixed O&M"
central gas CHP CCS,VOM,0.004,EUR/kWh,"Technology Data DEA, technology_data_for_el_and_dh_-_0009.xlsx","04 Gas turb. simple cycle, L:  Variable O&M"
central gas CHP CCS,c_b,1.0,50oC/100oC,"Technology Data DEA, technology_data_for_el_and_dh_-_0009.xlsx","04 Gas turb. simple cycle, L:  Cb coefficient"
central gas CHP CCS,efficiency,0.387,per unit,"Technology Data DEA, technology_data_for_el_and_dh_-_0009.xlsx","04 Gas turb. simple cycle, L:  Electricity efficiency, annual average"
central gas CHP CCS,fixed,18.0,EUR/kW/year,"Technology Data DEA, technology_data_for_el_and_dh_-_0009.xlsx","04 Gas turb. simple cycle, L:  Fixed O&M"
central gas CHP CCS,investment,1120.0,EUR/kW,"Technology Data DEA, technology_data_for_el_and_dh_-_0009.xlsx , DIW (CCS)","04 Gas turb. simple cycle, L:  Nominal investment"
central gas CHP CCS,lifetime,25.0,years,"Technology Data DEA, technology_data_for_el_and_dh_-_0009.xlsx","04 Gas turb. simple cycle, L:  Technical lifetime"
central gas boiler,FOM,3.4000000000000004,%/year,"Technology Data DEA, technology_data_for_el_and_dh_-_0009.xlsx",44 Natural Gas DH Only:  Fixed O&M
central gas boiler,VOM,0.001,EUR/kWh_th,"Technology Data DEA, technology_data_for_el_and_dh_-_0009.xlsx",44 Natural Gas DH Only:  Variable O&M
central gas boiler,efficiency,1.04,per unit,"Technology Data DEA, technology_data_for_el_and_dh_-_0009.xlsx","44 Natural Gas DH Only:  Total efficiency , net, annual average"
central gas boiler,fixed,1.7,EUR/kW_th/year,"Technology Data DEA, technology_data_for_el_and_dh_-_0009.xlsx",44 Natural Gas DH Only:  Fixed O&M
central gas boiler,investment,50.0,EUR/kW_th,"Technology Data DEA, technology_data_for_el_and_dh_-_0009.xlsx",44 Natural Gas DH Only:  Nominal investment
central gas boiler,lifetime,25.0,years,"Technology Data DEA, technology_data_for_el_and_dh_-_0009.xlsx",44 Natural Gas DH Only:  Technical lifetime
central ground-sourced heat pump,FOM,0.43779003589878296,%/year,"Technology Data DEA, technology_data_for_el_and_dh_-_0009.xlsx","40 Absorption heat pump, DH:  Fixed O&M"
central ground-sourced heat pump,VOM,0.0014284200000000001,EUR/kWh_th,"Technology Data DEA, technology_data_for_el_and_dh_-_0009.xlsx","40 Absorption heat pump, DH:  Variable O&M"
central ground-sourced heat pump,efficiency,1.75,per unit,"Technology Data DEA, technology_data_for_el_and_dh_-_0009.xlsx","40 Absorption heat pump, DH:  Total efficiency , net, annual average"
central ground-sourced heat pump,fixed,2.0,EUR/kW_th/year,"Technology Data DEA, technology_data_for_el_and_dh_-_0009.xlsx","40 Absorption heat pump, DH:  Fixed O&M"
central ground-sourced heat pump,investment,456.8399999999999,EUR/kW_th excluding drive energy,"Technology Data DEA, technology_data_for_el_and_dh_-_0009.xlsx","40 Absorption heat pump, DH:  Nominal investment"
central ground-sourced heat pump,lifetime,25.0,years,"Technology Data DEA, technology_data_for_el_and_dh_-_0009.xlsx","40 Absorption heat pump, DH:  Technical lifetime"
central resistive heater,FOM,1.5333333333333332,%/year,"Technology Data DEA, technology_data_for_el_and_dh_-_0009.xlsx",41 Electric Boilers:  Fixed O&M
central resistive heater,VOM,0.001,EUR/kWh_th,"Technology Data DEA, technology_data_for_el_and_dh_-_0009.xlsx",41 Electric Boilers:  Variable O&M
central resistive heater,efficiency,0.99,per unit,"Technology Data DEA, technology_data_for_el_and_dh_-_0009.xlsx","41 Electric Boilers:  Total efficiency , net, annual average"
central resistive heater,fixed,0.92,EUR/kW_th/year,"Technology Data DEA, technology_data_for_el_and_dh_-_0009.xlsx",41 Electric Boilers:  Fixed O&M
central resistive heater,investment,60.0,EUR/kW_th,"Technology Data DEA, technology_data_for_el_and_dh_-_0009.xlsx",41 Electric Boilers:  Nominal investment; 10/15 kV; >10 MW
central resistive heater,lifetime,20.0,years,"Technology Data DEA, technology_data_for_el_and_dh_-_0009.xlsx",41 Electric Boilers:  Technical lifetime
central solar thermal,FOM,1.4,%/year,HP, from old pypsa cost assumptions
central solar thermal,investment,140000.0,EUR/1000m2,HP, from old pypsa cost assumptions
central solar thermal,lifetime,20.0,years,HP, from old pypsa cost assumptions
central solid biomass CHP,FOM,3.979067616257983,%/year,"Technology Data DEA, technology_data_for_el_and_dh_-_0009.xlsx","09b Wood Pellets, Medium:  Fixed O&M"
central solid biomass CHP,VOM,0.0018822029300876236,EUR/kWh_e,"Technology Data DEA, technology_data_for_el_and_dh_-_0009.xlsx","09b Wood Pellets, Medium:  Variable O&M "
central solid biomass CHP,c_b,0.44830380267463854,40°C/80°C,"Technology Data DEA, technology_data_for_el_and_dh_-_0009.xlsx","09b Wood Pellets, Medium:  Cb coefficient"
central solid biomass CHP,c_v,1.0,40°C/80°C,"Technology Data DEA, technology_data_for_el_and_dh_-_0009.xlsx","09b Wood Pellets, Medium:  Cv coefficient"
central solid biomass CHP,efficiency,0.28979940172988816,per unit,"Technology Data DEA, technology_data_for_el_and_dh_-_0009.xlsx","09b Wood Pellets, Medium:  Electricity efficiency, net, annual average"
central solid biomass CHP,efficiency-heat,69.57108072286067,%,"Technology Data DEA, technology_data_for_el_and_dh_-_0009.xlsx","09b Wood Pellets, Medium:  Heat efficiency, net, annual average"
central solid biomass CHP,fixed,108.0,EUR/kW_e/year,"Technology Data DEA, technology_data_for_el_and_dh_-_0009.xlsx","09b Wood Pellets, Medium:  Fixed O&M"
central solid biomass CHP,investment,2714.2036882893176,EUR/kW_e,"Technology Data DEA, technology_data_for_el_and_dh_-_0009.xlsx","09b Wood Pellets, Medium:  Nominal investment "
central solid biomass CHP,lifetime,25.0,years,"Technology Data DEA, technology_data_for_el_and_dh_-_0009.xlsx","09b Wood Pellets, Medium:  Technical lifetime"
central solid biomass CHP CCS,FOM,3.979067616257983,%/year,"Technology Data DEA, technology_data_for_el_and_dh_-_0009.xlsx","09b Wood Pellets, Medium:  Fixed O&M"
central solid biomass CHP CCS,VOM,0.0018822029300876236,EUR/kWh_e,"Technology Data DEA, technology_data_for_el_and_dh_-_0009.xlsx","09b Wood Pellets, Medium:  Variable O&M "
central solid biomass CHP CCS,c_b,0.44830380267463854,40°C/80°C,"Technology Data DEA, technology_data_for_el_and_dh_-_0009.xlsx","09b Wood Pellets, Medium:  Cb coefficient"
central solid biomass CHP CCS,c_v,1.0,40°C/80°C,"Technology Data DEA, technology_data_for_el_and_dh_-_0009.xlsx","09b Wood Pellets, Medium:  Cv coefficient"
central solid biomass CHP CCS,efficiency,0.26081946155689933,per unit,"Technology Data DEA, technology_data_for_el_and_dh_-_0009.xlsx","09b Wood Pellets, Medium:  Electricity efficiency, net, annual average"
central solid biomass CHP CCS,efficiency-heat,69.57108072286067,%,"Technology Data DEA, technology_data_for_el_and_dh_-_0009.xlsx","09b Wood Pellets, Medium:  Heat efficiency, net, annual average"
central solid biomass CHP CCS,fixed,108.0,EUR/kW_e/year,"Technology Data DEA, technology_data_for_el_and_dh_-_0009.xlsx","09b Wood Pellets, Medium:  Fixed O&M"
central solid biomass CHP CCS,investment,3314.2036882893176,EUR/kW_e,"Technology Data DEA, technology_data_for_el_and_dh_-_0009.xlsx , DIW (CCS)","09b Wood Pellets, Medium:  Nominal investment "
central solid biomass CHP CCS,lifetime,25.0,years,"Technology Data DEA, technology_data_for_el_and_dh_-_0009.xlsx","09b Wood Pellets, Medium:  Technical lifetime"
central water tank storage,FOM,0.6428571428571428,%/year,"Technology Data DEA, technology_data_catalogue_for_energy_storage.xlsx",140 PTES seasonal:  Fixed O&M
central water tank storage,fixed,0.003,EUR/kWhCapacity/year,"Technology Data DEA, technology_data_catalogue_for_energy_storage.xlsx",140 PTES seasonal:  Fixed O&M
central water tank storage,investment,0.4666666666666667,EUR/kWhCapacity,"Technology Data DEA, technology_data_catalogue_for_energy_storage.xlsx",140 PTES seasonal:  Specific investment
central water tank storage,lifetime,25.0,years,"Technology Data DEA, technology_data_catalogue_for_energy_storage.xlsx",140 PTES seasonal:  Technical lifetime
coal,CO2 intensity,0.3361257109943121,tCO2/MWh_th,Entwicklung der spezifischen Kohlendioxid-Emissionen des deutschen Strommix in den Jahren 1990 - 2018,
coal,FOM,1.6,,Lazard’s Levelized Cost of Energy Analysis - Version 13.0,
coal,VOM,3.5,,Lazard’s Levelized Cost of Energy Analysis - Version 13.0,
coal,efficiency,0.33,,Lazard’s Levelized Cost of Energy Analysis - Version 13.0,
coal,fuel,8.15,,BP 2019,
coal,investment,3845.5065858353655,,Lazard’s Levelized Cost of Energy Analysis - Version 13.0,
coal,lifetime,40.0,,Lazard’s Levelized Cost of Energy Analysis - Version 13.0,
decentral CHP,FOM,3.0,%/year,HP, from old pypsa cost assumptions
decentral CHP,discount rate,0.04,per unit,Palzer thesis, from old pypsa cost assumptions
decentral CHP,investment,1400.0,EUR/kWel,HP, from old pypsa cost assumptions
decentral CHP,lifetime,25.0,years,HP, from old pypsa cost assumptions
decentral air-sourced heat pump,FOM,3.141250965237266,%/year,"Technology Data DEA, technologydatafor_heating_installations_marts_2018.xlsx",207.3 Air to water existing:  Fixed O&M
decentral air-sourced heat pump,efficiency,3.8,per unit,"Technology Data DEA, technologydatafor_heating_installations_marts_2018.xlsx","207.3 Air to water existing:  Heat efficiency, annual average, net, radiators, existing one family house"
decentral air-sourced heat pump,fixed,23.87350733580322,EUR/kW_th/year,"Technology Data DEA, technologydatafor_heating_installations_marts_2018.xlsx",207.3 Air to water existing:  Fixed O&M
decentral air-sourced heat pump,investment,760.0,EUR/kW_th,"Technology Data DEA, technologydatafor_heating_installations_marts_2018.xlsx",207.3 Air to water existing:  Specific investment
decentral air-sourced heat pump,lifetime,18.0,years,"Technology Data DEA, technologydatafor_heating_installations_marts_2018.xlsx",207.3 Air to water existing:  Technical lifetime
decentral gas boiler,FOM,10.766903509411005,%/year,"Technology Data DEA, technologydatafor_heating_installations_marts_2018.xlsx",202 Natural gas boiler:  Fixed O&M
decentral gas boiler,efficiency,0.99,per unit,"Technology Data DEA, technologydatafor_heating_installations_marts_2018.xlsx","202 Natural gas boiler:  Total efficiency, annual average, net"
decentral gas boiler,fixed,18.068772207411595,EUR/kW_th/year,"Technology Data DEA, technologydatafor_heating_installations_marts_2018.xlsx",202 Natural gas boiler:  Fixed O&M
decentral gas boiler,investment,167.81772207411595,EUR/kW_th,"Technology Data DEA, technologydatafor_heating_installations_marts_2018.xlsx",202 Natural gas boiler:  Possible additional specific investment
decentral gas boiler,lifetime,20.0,years,"Technology Data DEA, technologydatafor_heating_installations_marts_2018.xlsx",202 Natural gas boiler:  Technical lifetime
decentral ground-sourced heat pump,FOM,1.9894589446502682,%/year,"Technology Data DEA, technologydatafor_heating_installations_marts_2018.xlsx",207.7 Ground source existing:  Fixed O&M
decentral ground-sourced heat pump,efficiency,4.05,per unit,"Technology Data DEA, technologydatafor_heating_installations_marts_2018.xlsx","207.7 Ground source existing:  Heat efficiency, annual average, net, radiators, existing one family house"
decentral ground-sourced heat pump,fixed,23.87350733580322,EUR/kW_th/year,"Technology Data DEA, technologydatafor_heating_installations_marts_2018.xlsx",207.7 Ground source existing:  Fixed O&M
decentral ground-sourced heat pump,investment,1200.0,EUR/kW_th,"Technology Data DEA, technologydatafor_heating_installations_marts_2018.xlsx",207.7 Ground source existing:  Specific investment
decentral ground-sourced heat pump,lifetime,20.0,years,"Technology Data DEA, technologydatafor_heating_installations_marts_2018.xlsx",207.7 Ground source existing:  Technical lifetime
decentral oil boiler,FOM,2.0,%/year,Palzer thesis (https://energiesysteme-zukunft.de/fileadmin/user_upload/Publikationen/PDFs/ESYS_Materialien_Optimierungsmodell_REMod-D.pdf), from old pypsa cost assumptions
decentral oil boiler,efficiency,0.9,per unit,Palzer thesis (https://energiesysteme-zukunft.de/fileadmin/user_upload/Publikationen/PDFs/ESYS_Materialien_Optimierungsmodell_REMod-D.pdf), from old pypsa cost assumptions
decentral oil boiler,investment,156.0140915953699,EUR/kWth,Palzer thesis (https://energiesysteme-zukunft.de/fileadmin/user_upload/Publikationen/PDFs/ESYS_Materialien_Optimierungsmodell_REMod-D.pdf) (+eigene Berechnung), from old pypsa cost assumptions
decentral oil boiler,lifetime,20.0,years,Palzer thesis (https://energiesysteme-zukunft.de/fileadmin/user_upload/Publikationen/PDFs/ESYS_Materialien_Optimierungsmodell_REMod-D.pdf), from old pypsa cost assumptions
decentral resistive heater,FOM,2.0,%/year,Schaber thesis, from old pypsa cost assumptions
decentral resistive heater,discount rate,0.04,per unit,Palzer thesis, from old pypsa cost assumptions
decentral resistive heater,efficiency,0.9,per unit,Schaber thesis, from old pypsa cost assumptions
decentral resistive heater,investment,100.0,EUR/kWhth,Schaber thesis, from old pypsa cost assumptions
decentral resistive heater,lifetime,20.0,years,Schaber thesis, from old pypsa cost assumptions
decentral solar thermal,FOM,1.3,%/year,HP, from old pypsa cost assumptions
decentral solar thermal,discount rate,0.04,per unit,Palzer thesis, from old pypsa cost assumptions
decentral solar thermal,investment,270000.0,EUR/1000m2,HP, from old pypsa cost assumptions
decentral solar thermal,lifetime,20.0,years,HP, from old pypsa cost assumptions
decentral water tank storage,FOM,1.0,%/year,HP, from old pypsa cost assumptions
decentral water tank storage,discount rate,0.04,per unit,Palzer thesis, from old pypsa cost assumptions
decentral water tank storage,investment,860.0,EUR/m3,IWES Interaktion, from old pypsa cost assumptions
decentral water tank storage,lifetime,20.0,years,HP, from old pypsa cost assumptions
electricity distribution grid,FOM,2.0,%/year,TODO, from old pypsa cost assumptions
electricity distribution grid,investment,500.0,EUR/kW,TODO, from old pypsa cost assumptions
electricity distribution grid,lifetime,40.0,years,TODO, from old pypsa cost assumptions
electrolysis,FOM,5.0,%/year,"Technology Data DEA, data_sheets_for_renewable_fuels_-_0003.xlsx",88 Alkaline Electrolyser:  Fixed O&M
electrolysis,efficiency,0.6920000000000001,per unit,"Technology Data DEA, data_sheets_for_renewable_fuels_-_0003.xlsx","88 Alkaline Electrolyser:  A) Hydrogen output, at LHV"
electrolysis,fixed,25.0,EUR/kW_e/year,"Technology Data DEA, data_sheets_for_renewable_fuels_-_0003.xlsx",88 Alkaline Electrolyser:  Fixed O&M
electrolysis,investment,500.0,EUR/kW_e,"Technology Data DEA, data_sheets_for_renewable_fuels_-_0003.xlsx",88 Alkaline Electrolyser:  Specific investment
electrolysis,lifetime,25.0,years,"Technology Data DEA, data_sheets_for_renewable_fuels_-_0003.xlsx",88 Alkaline Electrolyser:  Technical lifetime
fuel cell,FOM,5.000000000000001,%/year,"Technology Data DEA, technology_data_for_el_and_dh_-_0009.xlsx",12 LT-PEMFC CHP:  Fixed O&M
fuel cell,c_b,1.25,50oC/100oC,"Technology Data DEA, technology_data_for_el_and_dh_-_0009.xlsx",12 LT-PEMFC CHP:  Cb coefficient
fuel cell,efficiency,0.5,per unit,"Technology Data DEA, technology_data_for_el_and_dh_-_0009.xlsx","12 LT-PEMFC CHP:  Electricity efficiency, annual average"
fuel cell,fixed,40.00000000000001,EUR/kW_e/year,"Technology Data DEA, technology_data_for_el_and_dh_-_0009.xlsx",12 LT-PEMFC CHP:  Fixed O&M
fuel cell,investment,800.0,EUR/kW_e,"Technology Data DEA, technology_data_for_el_and_dh_-_0009.xlsx",12 LT-PEMFC CHP:  Nominal investment
fuel cell,lifetime,10.0,years,"Technology Data DEA, technology_data_for_el_and_dh_-_0009.xlsx",12 LT-PEMFC CHP:  Technical lifetime
gas,CO2 intensity,0.20097559219526245,tCO2/MWh_th,Entwicklung der spezifischen Kohlendioxid-Emissionen des deutschen Strommix in den Jahren 1990 - 2018,
gas,fuel,20.1,,BP 2019,
geothermal,CO2 intensity,0.026000000000000002,tCO2/MWhth,https://www.eia.gov/environment/emissions/co2_vol_mass.php, from old pypsa cost assumptions
geothermal,FOM,2.358491,%/year,DIW DataDoc http://hdl.handle.net/10419/80348, from old pypsa cost assumptions
geothermal,efficiency,0.239,per unit,DIW DataDoc http://hdl.handle.net/10419/80348, from old pypsa cost assumptions
geothermal,investment,3392.0,EUR/kWel,DIW DataDoc http://hdl.handle.net/10419/80348, from old pypsa cost assumptions
geothermal,lifetime,40.0,years,IEA2010, from old pypsa cost assumptions
helmeth,FOM,3.0,%/year,no source, from old pypsa cost assumptions
helmeth,efficiency,0.8,per unit,HELMETH press release, from old pypsa cost assumptions
helmeth,investment,2000.0,EUR/kW,no source, from old pypsa cost assumptions
helmeth,lifetime,25.0,years,no source, from old pypsa cost assumptions
hydro,FOM,1.0,%/year,DIW DataDoc http://hdl.handle.net/10419/80348, from old pypsa cost assumptions
hydro,efficiency,0.9,per unit,DIW DataDoc http://hdl.handle.net/10419/80348, from old pypsa cost assumptions
hydro,investment,2208.1616064,EUR/kWel,DIW DataDoc http://hdl.handle.net/10419/80348, from old pypsa cost assumptions
hydro,lifetime,80.0,years,IEA2010, from old pypsa cost assumptions
hydrogen storage tank,FOM,1.9047619047619049,%/year,"Technology Data DEA, technology_data_catalogue_for_energy_storage.xlsx",151a Hydrogen Storage - Tanks:  Fixed O&M
hydrogen storage tank,efficiency,0.009024247400109469,per unit,"Technology Data DEA, technology_data_catalogue_for_energy_storage.xlsx",151a Hydrogen Storage - Tanks:  Round trip efficiency
hydrogen storage tank,fixed,0.4,EUR/kW/year,"Technology Data DEA, technology_data_catalogue_for_energy_storage.xlsx",151a Hydrogen Storage - Tanks:  Fixed O&M
hydrogen storage tank,investment,21.0,EUR/kWh,"Technology Data DEA, technology_data_catalogue_for_energy_storage.xlsx",151a Hydrogen Storage - Tanks:  Specific investment
hydrogen storage tank,lifetime,30.0,years,"Technology Data DEA, technology_data_catalogue_for_energy_storage.xlsx",151a Hydrogen Storage - Tanks:  Technical lifetime
hydrogen storage underground,FOM,2e-06,%/year,"Technology Data DEA, technology_data_catalogue_for_energy_storage.xlsx",151c Hydrogen Storage - Caverns:  Fixed O&M
hydrogen storage underground,VOM,1.1999999999999998e-08,EUR/kWh,"Technology Data DEA, technology_data_catalogue_for_energy_storage.xlsx",151c Hydrogen Storage - Caverns:  Variable O&M
hydrogen storage underground,efficiency,0.009899999999999999,per unit,"Technology Data DEA, technology_data_catalogue_for_energy_storage.xlsx",151c Hydrogen Storage - Caverns:  Round trip efficiency
hydrogen storage underground,fixed,2.3999999999999997e-08,EUR/kW/year,"Technology Data DEA, technology_data_catalogue_for_energy_storage.xlsx",151c Hydrogen Storage - Caverns:  Fixed O&M
hydrogen storage underground,investment,1.2,EUR/kWh,"Technology Data DEA, technology_data_catalogue_for_energy_storage.xlsx",151c Hydrogen Storage - Caverns:  Specific investment
hydrogen storage underground,lifetime,100.0,years,"Technology Data DEA, technology_data_catalogue_for_energy_storage.xlsx",151c Hydrogen Storage - Caverns:  Technical lifetime
industry CCS,FOM,2.0,%/year,Saygin et al 2013 https://doi.org/10.1016/j.ijggc.2013.05.032, from old pypsa cost assumptions
industry CCS,efficiency,0.9,per unit,Saygin et al 2013 https://doi.org/10.1016/j.ijggc.2013.05.032, from old pypsa cost assumptions
industry CCS,investment,300.0,EUR/tCO2/a,Saygin et al 2013 https://doi.org/10.1016/j.ijggc.2013.05.032, from old pypsa cost assumptions
industry CCS,lifetime,25.0,years,Saygin et al 2013 https://doi.org/10.1016/j.ijggc.2013.05.032, from old pypsa cost assumptions
lignite,CO2 intensity,0.4069083447332422,tCO2/MWh_th,Entwicklung der spezifischen Kohlendioxid-Emissionen des deutschen Strommix in den Jahren 1990 - 2018,
lignite,FOM,1.6,,Lazard’s Levelized Cost of Energy Analysis - Version 13.0,
lignite,VOM,3.5,,Lazard’s Levelized Cost of Energy Analysis - Version 13.0,
lignite,efficiency,0.33,,Lazard’s Levelized Cost of Energy Analysis - Version 13.0,
lignite,fuel,2.9,,DIW,
lignite,investment,3845.5065858353655,,Lazard’s Levelized Cost of Energy Analysis - Version 13.0,
lignite,lifetime,40.0,,Lazard’s Levelized Cost of Energy Analysis - Version 13.0,
methanation,FOM,3.0,%/year,Schaber thesis, from old pypsa cost assumptions
methanation,efficiency,0.8,per unit,Palzer and Schaber thesis, from old pypsa cost assumptions
methanation,investment,1000.0,EUR/kWH2,Schaber thesis, from old pypsa cost assumptions
methanation,lifetime,25.0,years,Schaber thesis, from old pypsa cost assumptions
micro CHP,FOM,6.42857142857143,%/year,"Technology Data DEA, technologydatafor_heating_installations_marts_2018.xlsx",219 LT-PEMFC mCHP - natural gas:  Fixed O&M
micro CHP,efficiency,0.35100000000000003,per unit,"Technology Data DEA, technologydatafor_heating_installations_marts_2018.xlsx","219 LT-PEMFC mCHP - natural gas:  Electric efficiency, annual average, net"
micro CHP,efficiency-heat,60.9,%,"Technology Data DEA, technologydatafor_heating_installations_marts_2018.xlsx","219 LT-PEMFC mCHP - natural gas:  Heat efficiency, annual average, net"
micro CHP,fixed,370.51372273047156,EUR/kW/year,"Technology Data DEA, technologydatafor_heating_installations_marts_2018.xlsx",219 LT-PEMFC mCHP - natural gas:  Fixed O&M
micro CHP,investment,5763.546798029558,EUR/kW,"Technology Data DEA, technologydatafor_heating_installations_marts_2018.xlsx",219 LT-PEMFC mCHP - natural gas:  Specific investment
micro CHP,lifetime,20.0,years,"Technology Data DEA, technologydatafor_heating_installations_marts_2018.xlsx",219 LT-PEMFC mCHP - natural gas:  Technical lifetime
nuclear,FOM,1.4,,Lazard’s Levelized Cost of Energy Analysis - Version 13.0,
nuclear,VOM,3.5,,Lazard’s Levelized Cost of Energy Analysis - Version 13.0,
nuclear,efficiency,0.33,,Lazard’s Levelized Cost of Energy Analysis - Version 13.0,
nuclear,fuel,2.6,,Lazard’s Levelized Cost of Energy Analysis - Version 13.0,
nuclear,investment,7940.45143669789,,Lazard’s Levelized Cost of Energy Analysis - Version 13.0,
nuclear,lifetime,40.0,,Lazard’s Levelized Cost of Energy Analysis - Version 13.0,
offwind,FOM,2.291666666666671,%/year,"Technology Data DEA, technology_data_for_el_and_dh_-_0009.xlsx",21 Offshore turbines:  Fixed O&M
offwind,VOM,0.0024035187205205598,EUR/kWh,"Technology Data DEA, technology_data_for_el_and_dh_-_0009.xlsx",21 Offshore turbines:  Variable O&M
offwind,fixed,32.44750272702756,EUR/kW/year,"Technology Data DEA, technology_data_for_el_and_dh_-_0009.xlsx",21 Offshore turbines:  Fixed O&M
offwind,investment,1415.8910280884727,EUR/kW,"Technology Data DEA, technology_data_for_el_and_dh_-_0009.xlsx",21 Offshore turbines:  Nominal investment
offwind,lifetime,30.0,years,"Technology Data DEA, technology_data_for_el_and_dh_-_0009.xlsx",21 Offshore turbines:  Technical lifetime
oil,CO2 intensity,0.26646986824105406,tCO2/MWh_th,Entwicklung der spezifischen Kohlendioxid-Emissionen des deutschen Strommix in den Jahren 1990 - 2018,
oil,FOM,2.40952380952381,%/year,"Technology Data DEA, technology_data_for_el_and_dh_-_0009.xlsx",50 Diesel engine farm:  Fixed O&M
oil,VOM,0.006,EUR/kWh,"Technology Data DEA, technology_data_for_el_and_dh_-_0009.xlsx",50 Diesel engine farm:  Variable O&M
oil,efficiency,0.35,per unit,"Technology Data DEA, technology_data_for_el_and_dh_-_0009.xlsx","50 Diesel engine farm:  Electricity efficiency, annual average"
oil,fixed,8.096,EUR/kW/year,"Technology Data DEA, technology_data_for_el_and_dh_-_0009.xlsx",50 Diesel engine farm:  Fixed O&M
oil,investment,335.99999999999994,EUR/kW,"Technology Data DEA, technology_data_for_el_and_dh_-_0009.xlsx",50 Diesel engine farm:  Specific investment
oil,lifetime,25.0,years,"Technology Data DEA, technology_data_for_el_and_dh_-_0009.xlsx",50 Diesel engine farm:  Technical lifetime
onwind,FOM,1.17748908758873,%/year,"Technology Data DEA, technology_data_for_el_and_dh_-_0009.xlsx",20 Onshore turbines:  Fixed O&M
onwind,VOM,0.0012150000000000002,EUR/kWh,"Technology Data DEA, technology_data_for_el_and_dh_-_0009.xlsx",20 Onshore turbines:  Variable O&M
onwind,fixed,11.34,EUR/kW/year,"Technology Data DEA, technology_data_for_el_and_dh_-_0009.xlsx",20 Onshore turbines:  Fixed O&M
onwind,investment,963.0662500000001,EUR/kW,"Technology Data DEA, technology_data_for_el_and_dh_-_0009.xlsx",20 Onshore turbines:  Nominal investment 
onwind,lifetime,30.0,years,"Technology Data DEA, technology_data_for_el_and_dh_-_0009.xlsx",20 Onshore turbines:  Technical lifetime
ror,FOM,2.0,%/year,DIW DataDoc http://hdl.handle.net/10419/80348, from old pypsa cost assumptions
ror,efficiency,0.9,per unit,DIW DataDoc http://hdl.handle.net/10419/80348, from old pypsa cost assumptions
ror,investment,3312.2424096000004,EUR/kWel,DIW DataDoc http://hdl.handle.net/10419/80348, from old pypsa cost assumptions
ror,lifetime,80.0,years,IEA2010, from old pypsa cost assumptions
solar,FOM,1.5807999030091602,%/year,"Technology Data DEA, technology_data_for_el_and_dh_-_0009.xlsx",22 Photovoltaics Medium:  Fixed O&M
solar,fixed,7.8100000000000005,EUR/kW/year,"Technology Data DEA, technology_data_for_el_and_dh_-_0009.xlsx",22 Photovoltaics Medium:  Fixed O&M
solar,investment,494.05367403762705,EUR/kW,"Technology Data DEA, technology_data_for_el_and_dh_-_0009.xlsx","22 Photovoltaics Medium:  Specific investment, total system"
solar,lifetime,30.0,years,"Assuming 50% rooftop, 50% utility",22 Photovoltaics Medium:  Technical lifetime of total system
solar-rooftop,FOM,1.5549051040986486,%/year,"Technology Data DEA, technology_data_for_el_and_dh_-_0009.xlsx",22 Photovoltaics Small:  Fixed O&M
solar-rooftop,fixed,9.135,EUR/kW/year,"Technology Data DEA, technology_data_for_el_and_dh_-_0009.xlsx",22 Photovoltaics Small:  Fixed O&M
solar-rooftop,investment,539215.6862745099,EUR/kW,European PV Technology and Innovation Platform,"22 Photovoltaics Small:  Specific investment, total system"
solar-rooftop,lifetime,30.0,years,European PV Technology and Innovation Platform,22 Photovoltaics Small:  Technical lifetime of total system
solar-utility,FOM,2.0721766196658304,%/year,"Technology Data DEA, technology_data_for_el_and_dh_-_0009.xlsx",22 Photovoltaics Large:  Fixed O&M
solar-utility,fixed,6.25,EUR/kW/year,"Technology Data DEA, technology_data_for_el_and_dh_-_0009.xlsx",22 Photovoltaics Large:  Fixed O&M
solar-utility,investment,151510.64986834835,EUR/kW,"Impact of weighted average cost of capital, capital expenditure, and other parameters on future utility‐scale PV levelised cost of electricity",22 Photovoltaics Large:  Nominal investment
solar-utility,lifetime,30.0,years,"Impact of weighted average cost of capital, capital expenditure, and other parameters on future utility‐scale PV levelised cost of electricity",22 Photovoltaics Large:  Technical lifetime
solid biomass,CO2 intensity,0.3,tCO2/MWh_th,TODO,
solid biomass,fuel,25.2,EUR/MWhth,Is a 100% renewable European power system feasible by 2050?,
uranium,fuel,2.6,,Lazard’s Levelized Cost of Energy Analysis - Version 13.0,
water tank charger,efficiency,0.9146912192286945,per unit,"Technology Data DEA, technology_data_catalogue_for_energy_storage.xlsx",:  efficiency from sqr(Round trip efficiency)
water tank discharger,efficiency,0.9146912192286945,per unit,"Technology Data DEA, technology_data_catalogue_for_energy_storage.xlsx",:  efficiency from sqr(Round trip efficiency)
